Page#,dirty?
86,1
242,1
31,1
326,1
382,0
87,0
389,1
198,1
485,0
37,1
334,0
277,0
220,0
454,0
186,1
311,0
197,0
349,1
232,0
33,0
178,0
224,0
23,1
496,0
332,1
33,1
6,1
156,1
383,0
397,0
405,1
17,1
306,1
473,1
146,1
83,1
61,1
62,1
199,1
480,1
371,1
440,1
58,0
24,0
171,1
433,0
468,0
174,0
347,1
444,0
303,0
461,0
364,0
169,1
425,1
401,0
240,1
94,1
369,0
375,1
496,0
23,0
25,0
492,1
212,0
299,1
258,0
59,0
304,1
489,0
241,1
313,1
148,1
373,0
75,0
147,1
324,0
132,0
214,1
457,1
111,1
152,0
465,0
208,1
191,1
411,0
213,0
353,0
466,0
186,0
451,1
408,1
426,0
481,1
289,1
257,1
53,0
76,1
72,1
234,1
313,0
274,0
173,1
479,1
59,0
85,0
330,0
449,0
149,1
164,1
123,0
33,0
353,1
142,1
327,1
393,0
44,0
57,1
81,1
429,1
291,0
388,1
311,1
498,0
76,1
11,0
216,1
61,1
409,1
159,1
113,0
337,0
253,0
291,0
45,1
363,0
239,0
328,0
216,0
55,0
293,1
470,0
72,1
218,0
450,1
38,0
198,1
233,1
142,0
303,1
231,0
319,1
118,0
225,0
465,0
306,0
111,0
142,1
475,1
453,1
129,0
158,1
348,1
342,0
313,1
464,1
284,0
198,0
302,1
373,0
325,0
56,0
89,1
152,0
385,1
368,1
389,0
150,1
182,0
267,1
231,1
449,0
58,1
252,1
21,0
330,0
83,0
327,0
290,1
154,1
183,1
13,1
297,1
463,0
227,1
381,0
222,0
472,0
222,1
82,1
425,1
209,1
119,1
487,0
303,0
77,0
487,0
278,0
244,1
129,0
274,0
82,1
224,0
426,0
145,0
98,0
190,0
446,0
187,1
304,1
485,0
281,0
487,1
264,1
413,1
44,0
313,0
494,1
108,1
320,1
34,0
127,0
92,0
399,1
375,1
54,0
153,1
336,0
105,0
263,1
35,1
14,0
123,0
85,1
104,0
28,1
411,0
66,0
8,1
439,1
143,0
437,0
404,0
456,0
488,0
300,0
53,0
472,1
278,1
499,0
463,1
18,1
71,1
101,0
480,1
289,0
274,1
458,1
391,0
478,0
328,1
263,1
302,0
260,1
86,1
30,1
407,0
464,1
253,1
122,1
349,1
100,0
358,1
110,0
15,1
264,0
95,1
51,0
382,0
293,0
109,0
228,0
496,1
458,1
298,0
339,1
7,1
147,0
125,1
450,1
356,0
429,0
412,1
66,1
233,1
456,0
493,0
451,1
33,0
197,1
129,0
158,0
75,1
377,1
320,1
300,0
240,1
253,0
114,0
374,1
369,1
31,1
98,0
352,1
275,0
263,0
152,0
39,0
217,0
245,1
192,0
48,0
296,1
322,1
388,0
171,0
254,0
306,0
105,1
376,0
332,1
147,0
245,1
166,0
329,1
189,1
109,1
348,1
282,0
359,1
318,1
447,0
357,0
300,0
21,0
341,1
87,1
433,1
245,0
207,1
133,0
123,0
310,0
136,0
411,0
417,0
23,1
270,0
23,0
331,0
117,0
416,1
170,1
327,1
6,0
497,1
402,0
236,0
202,0
56,1
198,0
339,0
8,1
278,1
168,1
10,1
217,1
123,0
446,0
49,0
151,1
210,0
401,0
44,0
397,1
375,1
220,0
356,1
86,0
306,1
130,1
5,0
370,0
441,1
410,0
392,0
1,1
278,0
280,1
104,0
100,0
446,0
248,0
193,0
395,1
196,0
358,1
173,1
93,0
313,1
19,1
226,0
192,1
225,1
135,1
195,0
74,1
447,0
295,0
131,1
234,1
399,1
58,1
454,1
148,0
408,0
264,0
164,0
392,0
263,0
124,1
367,1
78,1
441,0
65,0
233,1
491,1
452,1
138,1
268,0
147,0
208,0
245,1
142,1
124,1
160,1
438,0
323,1
358,0
238,0
176,1
249,0
418,1
408,0
136,1
40,0
275,0
385,1
88,0
259,1
278,0
61,0
166,1
21,0
237,1
322,1
439,0
312,0
477,1
450,1
248,0
188,0
418,0
93,0
413,0
17,1
318,0
303,1
183,0
238,1
394,1
252,0
354,1
424,1
376,1
249,1
279,1
193,1
469,1
7,1
474,0
152,0
26,0
262,0
394,1
130,1
241,0
394,0
216,1
159,0
210,1
224,1
4,0
396,1
345,1
124,0
351,0
138,0
425,1
20,0
281,0
37,1
491,1
477,0
174,1
100,0
253,1
217,1
137,1
211,1
66,0
149,0
63,0
39,1
79,0
185,1
186,0
399,1
396,0
208,1
424,0
113,0
337,1
239,1
118,1
199,0
73,1
80,1
225,0
273,0
51,1
478,0
70,1
456,1
54,0
144,1
108,0
360,1
134,1
29,1
411,1
230,0
438,0
55,0
470,1
283,0
341,0
81,1
446,0
84,0
475,1
26,0
478,1
378,1
24,1
3,1
264,1
138,1
396,1
254,0
252,1
433,0
368,0
383,0
211,0
186,0
130,1
84,0
490,1
317,1
201,0
26,1
417,1
58,1
286,1
386,1
415,1
35,0
15,1
220,0
312,1
228,1
212,1
481,0
170,1
207,1
161,0
27,1
224,1
333,1
307,0
240,0
218,0
491,0
58,0
6,0
5,0
273,0
397,1
417,0
358,0
68,0
369,1
466,1
249,1
149,1
271,1
136,1
487,1
359,0
3,1
291,1
57,0
249,0
14,0
253,1
222,0
225,1
344,1
329,1
268,1
54,1
108,1
358,0
225,0
334,1
148,0
427,0
59,1
311,1
416,0
98,0
404,0
380,0
344,0
131,1
60,0
400,0
374,1
335,0
284,0
363,0
46,0
250,1
119,0
31,0
178,0
392,1
243,0
111,1
147,1
12,0
479,0
154,0
337,1
259,1
400,1
124,1
205,0
168,0
166,1
412,0
396,0
66,0
358,0
154,1
400,1
327,1
347,0
361,1
419,0
41,0
62,1
69,0
259,0
450,1
192,1
66,0
175,1
145,0
212,1
294,1
467,1
308,0
172,1
130,0
63,0
281,1
151,0
439,1
253,0
40,0
345,1
94,0
485,1
444,0
352,0
340,0
94,0
101,0
264,0
162,0
238,1
482,1
162,0
95,0
283,1
27,0
378,1
201,1
436,0
465,0
325,0
464,1
108,0
173,0
285,1
354,0
457,0
35,1
410,1
229,0
295,0
26,0
195,1
43,1
273,1
292,0
466,1
384,0
293,1
483,0
4,1
29,1
60,0
119,1
206,1
26,0
112,1
147,1
202,0
417,1
33,1
71,1
77,1
188,1
390,1
232,0
269,0
211,0
251,0
425,0
283,1
329,1
30,0
453,1
257,1
102,1
52,0
408,0
308,1
220,1
140,0
15,1
139,1
424,1
167,1
22,1
404,1
231,1
196,1
384,0
142,1
361,1
397,1
400,1
126,1
104,0
194,0
306,1
437,1
272,1
112,1
121,0
170,1
283,0
204,0
317,0
222,0
351,1
296,0
397,1
354,1
278,0
119,1
332,0
174,1
226,0
250,1
354,1
231,0
409,0
152,1
400,1
310,1
73,0
348,1
384,0
368,0
321,0
342,0
128,1
180,1
317,1
142,0
145,0
293,1
328,0
453,1
366,0
155,1
12,0
363,0
423,0
388,1
53,1
15,1
395,1
156,0
405,1
361,0
186,1
438,0
79,0
379,0
16,1
364,1
95,0
130,1
299,1
445,1
48,0
301,1
443,1
347,1
385,1
242,1
297,1
394,0
312,1
259,0
386,0
127,0
174,0
139,0
445,0
388,0
125,1
30,0
376,1
256,1
157,1
218,0
493,0
91,1
285,0
160,0
188,0
127,0
30,1
294,0
294,1
158,0
151,1
360,0
178,0
101,1
4,0
191,1
499,1
474,0
492,1
16,0
167,0
53,1
407,1
398,0
421,1
72,1
140,1
382,1
234,0
71,1
263,0
215,0
440,1
246,1
300,0
244,0
407,0
181,1
157,1
187,1
285,0
95,1
104,0
480,1
206,0
98,0
452,0
247,1
73,1
341,0
125,1
492,1
458,0
309,0
435,1
211,1
146,1
83,0
203,0
342,1
94,0
97,1
256,0
371,0
359,0
41,0
243,0
274,1
308,1
477,1
427,0
276,0
438,0
93,1
181,0
161,1
466,1
131,1
410,0
57,1
25,1
63,1
153,0
94,1
275,0
157,0
174,0
235,1
447,0
151,1
483,0
263,1
403,0
388,1
109,1
324,1
456,1
329,0
28,1
0,1
379,1
286,0
84,0
116,0
152,1
218,0
130,1
95,1
39,0
472,0
68,1
189,0
149,1
63,0
287,1
439,0
118,0
336,1
34,0
427,1
259,0
335,0
55,1
333,1
58,0
240,0
205,1
345,0
217,0
139,1
230,1
243,1
307,1
207,0
367,1
451,0
98,0
351,1
200,0
453,1
454,0
63,1
168,0
476,1
28,1
461,1
206,0
97,0
353,1
371,1
282,0
155,0
298,0
30,0
331,1
47,0
362,0
275,1
289,1
4,1
326,1
191,0
129,0
20,1
147,1
292,0
229,0
418,1
360,0
303,1
409,1
30,1
99,0
57,0
3,0
217,0
164,1
56,0
438,0
148,0
20,0
53,1
198,0
448,1
6,0
24,1
265,0
274,0
63,1
416,0
425,1
259,1
149,1
344,1
439,1
182,0
107,0
170,0
487,1
457,1
143,1
197,1
499,0
315,0
12,0
404,1
3,0
164,0
413,0
271,0
364,1
142,1
304,0
485,0
375,1
111,0
355,0
112,1
62,1
216,0
238,1
307,0
469,0
479,1
195,1
463,0
264,0
274,0
18,0
174,1
422,0
371,0
72,1
199,1
20,0
105,1
439,0
230,0
46,0
116,0
55,0
30,0
178,1
458,1
163,1
140,0
304,1
96,1
156,1
482,0
269,1
73,1
464,1
326,0
58,1
249,0
269,0
17,0
28,1
447,1
25,1
485,1
441,1
149,0
139,0
131,0
262,0
338,1
451,0
223,0
14,0
106,1
5,0
337,0
495,1
466,0
476,1
184,0
201,1
274,0
76,0
169,1
54,0
212,1
297,0
35,0
58,0
31,1
307,1
23,0
445,0
257,0
348,0
25,1
129,1
162,1
224,1
465,0
74,0
29,0
47,0
361,0
496,1
56,0
155,1
391,0
337,1
40,0
144,1
2,0
421,1
127,0
256,0
268,0
226,1
383,0
471,1
420,1
435,0
75,1
150,1
376,0
463,1
13,0
319,1
294,0
138,0
448,1
331,1
193,1
407,1
333,0
64,0
122,0
124,1
375,0
1,0
43,0
20,1
85,1
149,1
150,0
298,0
241,1
20,1
335,1
89,1
447,0
270,0
97,0
108,0
407,1
334,1
301,1
319,1
169,1
212,0
50,1
111,1
310,0
70,1
230,1
16,1
133,1
390,0
413,1
116,0
168,1
52,1
435,0
217,1
455,0
113,1
51,1
321,0
322,1
407,1
379,0
86,1
22,0
374,1
44,0
156,0
83,1
193,1
330,1
435,1
187,0
223,0
150,1
453,1
426,1
433,0
349,0
113,1
324,1
128,1
368,1
310,0
6,0
341,0
426,1
264,0
170,1
71,0
193,1
366,0
295,0
139,0
98,0
451,0
68,0
344,1
442,0
241,1
417,0
23,1
450,0
471,0
224,1
136,1
18,0
449,1
37,1
149,1
9,0
280,0
307,0
97,0
282,1
116,1
447,0
301,1
10,1
109,1
214,1
248,0
40,0
36,0
496,1
462,1
159,0
442,0
363,1
299,1
134,0
449,0
58,0
473,0
251,1
254,1
111,1
409,0
356,1
85,0
250,0
304,0
112,1
376,0
115,1
290,0
452,1
164,1
182,1
247,0
472,0
328,0
34,1
148,0
362,1
159,0
496,0
166,0
204,1
428,1
149,0
201,0
194,0
37,1
229,0
349,1
274,0
363,0
245,1
135,1
224,0
208,1
145,0
227,1
369,0
412,0
275,1
24,1
300,1
217,0
392,1
121,0
266,0
182,0
362,1
303,0
400,0
240,1
341,1
158,1
187,1
348,1
42,1
415,1
360,0
248,0
293,0
3,1
189,0
421,0
103,1
2,1
234,1
241,0
212,1
188,1
440,0
105,0
346,1
451,0
99,1
392,0
484,1
40,1
270,0
322,1
274,1
334,0
196,0
244,0
164,1
221,1
114,1
259,1
184,0
195,0
231,1
39,1
333,0
435,0
303,0
62,1
227,1
401,0
285,0
169,0
372,0
413,0
446,0
136,0
29,1
162,0
234,0
376,0
390,1
475,1
19,1
312,1
86,1
276,0
385,1
104,1
337,1
471,0
17,1
435,0
337,1
460,0
28,0
378,1
288,1
161,1
2,1
434,0
114,1
206,1
157,0
201,0
428,1
106,0
197,1
0,0
338,0
25,0
459,0
73,1
248,1
50,0
485,0
359,1
398,1
334,1
360,1
225,1
111,0
428,0
198,1
173,1
65,0
28,0
248,1
93,1
141,1
70,0
201,0
83,0
264,0
411,1
81,1
37,0
437,1
118,0
295,0
435,0
195,0
461,1
163,1
201,1
94,0
53,0
12,1
146,1
133,0
202,1
467,1
204,1
408,0
427,1
266,0
308,0
489,1
134,0
347,0
480,1
251,1
194,1
294,0
30,1
75,0
356,1
369,1
491,0
287,1
265,0
237,1
481,0
496,0
115,0
196,1
87,1
342,1
145,1
125,0
48,0
147,0
31,0
306,0
298,0
34,0
305,1
330,0
155,0
231,0
443,0
303,1
64,1
140,1
84,0
26,1
343,1
233,0
13,1
447,1
76,0
273,0
328,1
233,0
469,1
182,0
260,0
10,0
134,1
192,1
399,1
400,0
240,1
431,0
427,1
384,0
213,1
331,1
375,1
84,0
432,1
297,1
96,1
37,0
84,1
364,1
192,0
161,1
484,1
323,0
99,0
142,0
24,0
325,0
35,0
379,1
102,1
376,1
317,1
331,0
163,0
285,0
360,0
214,0
408,1
463,1
114,0
347,1
102,0
212,0
327,0
336,0
44,1
359,1
183,0
411,0
6,0
218,0
348,1
29,1
41,0
331,1
1,0
262,1
315,1
324,1
482,0
379,0
499,1
158,0
352,1
450,0
54,0
187,1
270,0
187,0
47,1
140,1
205,0
206,0
342,1
204,0
371,0
163,1
301,0
318,1
125,1
166,0
495,1
165,0
91,1
95,1
166,0
83,1
209,1
224,0
258,0
490,0
107,0
483,1
368,1
419,0
377,1
161,0
9,1
48,1
277,1
119,0
430,0
474,0
170,0
463,1
205,0
273,1
193,0
174,1
426,0
439,0
387,1
368,0
157,1
174,1
139,1
303,0
254,1
330,0
393,1
88,0
64,0
105,1
188,1
130,1
222,1
330,1
167,0
202,0
415,0
198,0
27,0
472,0
138,1
463,1
340,1
410,1
247,0
353,1
278,1
461,0
219,1
375,1
332,1
236,1
421,1
324,1
64,1
216,1
150,0
171,0
456,0
101,0
361,0
11,1
119,0
274,0
253,0
481,1
475,1
125,1
115,1
284,0
26,0
391,0
363,0
120,1
73,0
85,1
387,1
433,0
332,1
109,0
332,0
180,0
227,1
260,0
490,0
350,0
198,0
69,1
412,1
54,1
294,0
442,0
11,1
338,0
154,0
107,1
275,1
81,0
98,0
262,1
96,1
159,1
47,0
112,1
294,0
438,0
385,1
301,0
457,1
130,1
482,1
253,1
323,1
11,1
103,1
128,0
292,0
90,0
363,1
285,1
435,1
383,0
54,0
125,1
368,1
377,1
196,0
312,1
468,0
119,0
80,1
474,0
105,0
211,0
174,0
266,1
92,0
369,0
211,1
159,0
235,0
260,1
120,1
313,1
159,0
307,1
180,1
479,0
34,1
252,0
253,1
34,0
186,1
453,1
82,1
334,0
302,1
419,1
283,0
34,0
80,1
495,1
369,0
490,1
309,1
295,1
488,1
470,1
141,0
112,0
415,1
476,1
140,0
128,0
449,1
495,0
435,0
205,0
100,1
395,0
104,1
258,0
357,0
94,0
170,0
11,0
41,1
148,0
471,1
431,1
56,0
217,0
483,1
30,1
362,0
410,1
428,1
367,1
394,1
493,0
80,1
0,1
103,0
361,1
260,1
385,1
460,0
330,0
269,1
87,1
98,1
196,1
410,1
171,1
303,1
101,1
350,0
264,0
252,1
292,1
24,1
477,1
155,1
335,0
152,0
100,1
77,1
247,1
204,1
304,1
386,0
361,0
67,0
444,1
128,1
457,1
239,0
221,1
195,1
483,1
294,0
238,0
118,0
307,0
274,0
126,1
70,0
12,1
59,0
32,0
83,1
72,1
97,0
90,0
110,0
278,1
209,1
408,1
425,1
198,0
249,0
86,1
201,0
190,0
280,0
17,1
3,1
498,1
253,1
273,0
444,1
27,0
354,1
457,1
148,1
161,0
193,0
142,1
141,1
19,1
235,0
94,0
91,1
496,1
156,1
90,1
431,1
65,1
304,1
8,0
20,1
40,1
237,0
124,1
420,0
158,1
251,0
360,1
40,0
299,0
480,0
78,0
466,0
50,1
288,1
158,1
354,1
17,0
125,0
94,0
234,0
427,0
293,0
255,0
398,1
114,0
335,0
411,1
422,0
434,1
28,0
107,1
148,0
447,1
361,0
325,1
125,1
494,1
343,1
231,0
135,0
454,1
206,0
177,1
267,1
355,1
67,1
472,1
29,0
35,0
156,1
52,1
30,1
498,0
318,1
427,0
120,1
246,0
188,1
166,1
485,0
253,0
173,1
454,1
355,0
169,1
418,0
307,1
426,1
491,0
271,0
99,0
171,0
206,1
254,0
338,0
404,0
394,1
46,1
92,0
322,0
421,0
92,0
74,1
120,0
117,1
218,1
120,1
388,0
183,1
202,1
353,1
152,1
217,1
167,1
17,0
179,1
130,1
275,0
56,1
384,0
84,0
259,1
254,0
375,1
279,1
406,1
420,1
376,0
24,1
496,0
177,0
74,1
380,1
300,0
274,0
395,1
109,1
75,0
141,1
408,0
369,0
124,0
17,0
219,1
461,0
170,1
200,0
164,0
410,0
482,0
357,0
198,0
462,0
201,0
333,0
437,0
257,0
205,1
298,0
182,1
358,0
7,0
300,0
454,1
178,0
176,1
192,0
212,0
213,0
206,0
11,0
421,1
477,0
360,1
102,1
480,0
361,1
283,0
281,1
240,0
460,0
376,0
46,0
243,1
438,1
454,1
18,1
363,0
308,0
309,0
472,1
163,1
436,0
340,1
340,1
265,0
176,1
74,1
194,0
270,1
150,0
433,1
151,0
237,0
271,0
433,1
498,1
410,0
364,0
21,0
213,0
220,1
487,1
394,1
178,1
413,0
159,1
117,1
313,1
425,0
167,0
453,0
235,0
140,1
159,1
193,1
330,1
131,0
49,1
378,0
164,0
262,0
419,0
420,0
327,1
408,0
210,0
197,0
17,1
308,0
172,0
89,0
36,0
57,1
245,1
413,0
459,0
60,0
321,1
158,1
126,0
364,1
202,0
162,0
268,1
259,1
450,1
122,0
6,0
101,0
237,0
28,1
292,1
457,1
196,1
403,1
321,0
35,0
422,1
33,1
262,1
46,0
190,0
150,0
31,1
177,0
3,0
18,1
122,0
470,0
409,0
136,0
92,0
454,0
156,0
365,1
194,0
155,1
116,0
96,0
343,0
205,1
417,1
183,1
461,1
27,1
54,0
463,1
310,0
213,0
273,1
378,1
261,0
341,0
177,1
87,1
425,0
47,1
134,0
86,1
63,0
317,1
70,0
24,0
20,0
151,0
382,1
80,0
392,1
112,1
214,1
384,0
438,1
297,0
294,1
191,1
54,0
233,1
392,0
223,0
242,1
193,0
169,1
301,0
407,0
472,1
458,1
485,1
146,1
428,0
466,0
390,1
208,0
313,1
450,1
435,1
125,0
180,0
58,1
308,0
115,1
276,0
24,1
461,0
34,1
323,0
240,0
247,0
22,1
181,0
149,0
187,1
280,1
9,0
347,0
91,1
450,0
323,0
320,0
449,0
249,0
87,1
487,0
152,1
351,0
108,0
277,0
70,0
214,1
160,0
90,0
421,1
79,1
109,0
381,0
141,0
1,1
418,0
296,0
398,0
470,0
308,1
481,0
81,0
334,1
54,1
414,0
352,1
408,1
17,0
473,0
30,0
467,0
272,0
196,0
80,0
376,1
14,0
149,0
482,0
348,1
189,0
355,0
424,1
329,1
170,0
57,1
321,0
303,0
263,1
397,0
431,1
153,0
106,1
97,0
161,0
248,0
361,0
273,1
455,0
155,1
382,0
380,0
425,1
191,1
29,1
441,0
118,0
170,1
321,0
489,1
332,0
359,0
438,1
208,0
266,0
457,0
410,1
233,1
212,1
211,0
484,0
108,0
38,1
423,1
302,1
290,1
50,1
221,0
202,0
82,0
262,0
81,0
435,0
33,1
78,1
103,1
193,1
348,1
415,1
379,1
426,0
276,1
221,0
198,0
65,1
340,1
214,0
262,0
30,0
201,0
490,1
225,0
164,0
197,0
221,1
299,1
88,1
124,1
279,0
308,0
183,1
287,1
482,0
499,1
156,0
48,1
129,0
27,0
419,0
394,1
247,0
300,0
391,0
11,1
195,0
377,0
8,1
391,1
140,1
193,1
3,0
379,1
160,0
348,0
139,0
153,1
256,0
237,0
261,1
146,1
121,0
269,1
443,0
206,1
136,0
456,1
493,0
46,1
186,0
296,1
131,0
228,0
315,1
361,1
166,0
178,1
56,0
86,0
343,1
302,1
130,0
353,0
45,1
410,0
30,1
180,0
49,0
159,0
429,0
251,1
229,0
287,0
246,1
120,1
148,1
398,1
118,1
402,0
77,0
135,1
304,1
12,0
65,0
176,0
18,1
17,1
421,0
32,1
79,1
268,1
168,0
280,1
225,1
126,0
94,1
210,0
279,1
355,1
79,0
143,0
3,0
303,0
423,1
417,0
10,1
379,1
450,1
11,1
15,0
166,1
360,0
362,1
449,1
123,1
171,1
286,0
351,0
302,0
57,1
128,1
483,0
447,0
452,1
124,0
115,1
226,0
282,0
260,0
452,1
396,0
45,1
146,1
482,0
393,0
483,1
228,0
80,1
251,1
301,1
448,1
373,1
362,1
155,1
414,0
91,1
348,1
267,1
269,1
152,1
468,1
274,1
256,0
67,1
267,0
295,1
70,1
474,0
61,0
7,0
345,1
95,0
357,1
372,0
453,0
197,1
238,0
249,1
431,1
96,0
454,0
79,0
463,1
76,1
394,0
252,0
96,0
123,0
357,1
97,1
0,0
385,1
153,0
41,1
267,1
155,0
352,1
494,0
429,1
267,0
261,0
18,1
6,0
342,0
31,1
454,0
217,0
474,0
341,0
141,0
25,1
177,0
19,0
349,0
70,0
106,1
407,0
72,1
427,1
286,0
396,1
153,1
143,0
490,0
397,0
423,1
384,0
22,1
469,0
320,0
72,1
33,1
100,0
17,0
454,0
394,1
173,0
7,0
290,1
429,1
132,0
116,1
320,0
487,1
244,1
34,1
367,1
90,0
405,1
253,1
325,0
350,0
323,0
391,0
296,1
213,1
250,1
141,0
465,1
174,1
23,0
177,1
355,0
308,1
483,0
179,1
253,1
338,0
86,1
485,1
67,1
457,1
215,1
342,0
2,1
1,1
211,1
218,0
335,1
306,1
83,0
184,0
31,0
13,1
108,0
377,0
143,1
216,1
380,0
323,0
181,1
171,0
84,1
327,1
326,1
281,0
249,1
0,1
482,0
172,1
210,1
468,1
415,1
253,1
48,0
307,1
393,0
311,0
408,1
267,1
177,0
463,0
99,1
38,0
484,1
269,1
21,1
20,1
403,0
265,1
175,1
359,0
405,1
369,0
68,1
283,1
201,1
43,0
177,1
46,0
126,0
15,0
481,1
326,0
396,0
473,0
401,1
471,0
96,0
499,1
325,0
280,1
187,1
86,1
49,0
97,1
65,0
25,1
460,0
443,1
180,0
462,1
46,1
14,0
221,1
422,1
379,0
42,0
49,1
49,1
303,1
470,0
431,0
425,0
122,1
0,1
166,0
320,0
301,0
433,0
264,0
93,0
67,0
52,1
208,0
83,1
294,1
10,0
126,0
125,0
42,0
54,0
498,1
284,1
106,1
204,0
498,0
113,1
371,1
78,1
172,1
37,1
484,0
330,1
251,0
215,1
102,1
417,1
402,1
6,0
424,0
193,0
185,1
411,1
413,0
497,0
162,0
475,1
282,1
487,1
222,0
168,1
374,0
53,1
398,0
321,0
30,0
35,0
493,1
30,1
307,0
63,1
366,1
411,1
101,1
66,0
179,0
69,0
161,0
116,0
399,1
119,0
269,0
319,1
317,1
282,1
200,0
46,1
383,1
38,0
448,0
53,0
175,1
464,0
331,1
484,1
468,1
166,1
466,0
291,0
47,0
0,1
277,1
269,0
174,0
133,1
69,1
311,0
344,1
339,1
0,0
284,0
369,0
0,0
66,1
479,1
75,1
448,0
446,1
90,1
396,0
209,0
365,0
486,1
202,0
133,1
271,1
494,0
19,0
172,0
361,0
330,1
425,0
274,1
443,0
258,1
269,1
385,1
297,0
144,0
185,0
265,1
72,0
320,0
152,1
402,1
18,0
377,0
155,0
216,0
16,1
245,0
227,1
336,1
469,1
171,0
383,1
109,0
116,0
366,0
491,0
131,1
286,0
340,0
190,0
256,1
498,0
404,1
345,0
435,0
274,0
185,1
254,0
196,0
275,1
0,0
191,0
124,0
48,0
104,1
266,1
449,0
380,0
290,0
17,1
260,1
29,1
241,1
452,1
423,0
119,1
135,0
159,0
218,1
29,0
121,0
466,0
446,1
167,1
353,1
197,1
153,0
422,1
16,0
36,0
189,0
257,1
355,1
41,1
82,1
388,1
129,1
383,0
195,1
477,0
119,0
175,0
158,0
348,0
75,0
114,1
484,0
438,1
196,1
183,0
120,1
137,1
157,0
374,0
352,1
126,1
279,0
479,0
235,1
182,0
71,1
103,0
355,0
57,1
401,0
390,1
172,0
98,1
230,0
408,1
433,0
465,0
431,0
63,1
425,0
366,1
410,0
34,0
422,1
290,0
403,0
232,1
204,0
5,0
9,0
411,0
424,0
450,0
288,1
211,0
114,1
363,1
274,0
73,1
409,1
187,1
475,1
308,0
210,0
202,0
274,1
252,1
331,1
40,1
243,1
465,1
480,0
7,0
444,1
157,0
93,0
388,0
139,0
13,0
346,0
433,0
57,1
259,0
157,1
153,0
446,0
161,1
462,1
246,1
127,1
478,1
311,1
347,1
99,0
380,1
302,0
290,0
142,0
347,0
308,0
93,0
146,1
105,0
316,1
178,0
243,0
212,0
328,1
437,1
326,1
83,1
14,0
294,0
81,0
396,0
430,0
232,0
172,1
276,0
29,1
217,0
496,0
406,0
14,1
222,0
409,0
171,0
338,1
250,0
376,1
136,1
214,0
408,1
151,0
0,0
101,1
260,0
123,1
222,0
351,1
296,0
274,1
19,0
78,0
264,0
127,0
201,0
118,0
182,0
365,1
336,1
388,0
318,1
131,1
247,0
398,1
17,0
109,0
206,0
420,0
434,1
289,1
366,1
330,1
456,0
268,1
354,1
492,1
188,1
41,1
140,0
114,1
332,1
323,0
308,0
269,0
194,1
235,1
415,0
427,0
343,1
9,0
146,0
468,0
29,0
164,0
301,0
432,0
392,0
103,0
322,1
66,0
26,1
382,0
363,0
279,1
372,1
175,1
307,0
35,1
96,1
493,0
169,1
8,0
191,0
179,1
198,1
185,1
271,1
231,0
2,1
239,0
222,1
133,1
48,0
81,0
371,1
236,0
71,0
85,0
232,0
298,1
73,0
347,1
96,0
283,0
291,0
242,1
495,0
409,1
66,0
296,1
22,0
251,1
22,1
460,0
64,1
179,1
248,0
212,1
252,0
120,0
106,0
230,0
406,1
133,0
322,1
95,0
204,0
48,1
256,0
109,0
493,0
33,0
420,1
145,1
492,0
156,1
220,0
38,1
308,1
434,1
219,0
62,1
477,0
62,1
373,0
361,1
103,0
218,0
225,0
339,0
323,0
189,0
259,0
363,0
3,1
302,0
87,0
476,1
196,1
333,0
85,1
72,1
318,0
402,1
135,0
11,0
234,0
305,1
144,0
405,1
209,1
68,0
310,1
16,0
293,1
151,1
334,0
79,1
421,0
254,1
375,0
429,0
205,0
438,1
214,1
397,0
130,1
269,1
171,1
251,1
355,0
406,1
205,0
129,0
145,0
80,0
84,1
91,1
437,0
177,1
11,0
401,1
280,1
8,1
495,0
297,0
190,1
499,0
451,1
400,1
348,0
497,1
251,0
137,1
338,1
365,1
79,0
98,1
169,1
382,1
135,0
402,0
0,1
421,0
165,1
164,0
3,0
88,0
182,0
110,0
86,1
288,1
295,0
373,1
329,1
312,0
208,0
301,0
305,0
18,1
219,1
471,0
207,1
18,1
377,0
164,0
295,1
252,1
112,1
156,1
158,0
213,0
15,1
30,0
369,1
479,1
260,1
14,1
159,0
325,1
460,1
249,0
77,1
224,1
334,0
402,1
68,0
235,0
152,1
115,1
229,1
123,1
459,1
73,1
423,1
250,0
191,1
470,1
414,1
20,0
484,0
134,0
311,0
296,0
194,1
159,0
13,0
270,0
249,1
368,1
81,0
41,0
21,0
78,0
375,1
89,1
220,1
131,1
445,1
235,0
5,0
432,0
2,1
151,0
257,1
2,0
303,1
77,1
223,0
440,0
54,1
354,1
309,1
84,1
261,0
278,0
389,0
101,0
167,0
19,1
480,1
398,0
78,1
379,0
215,1
209,0
139,1
284,1
396,0
38,0
304,1
169,0
146,0
227,1
0,0
86,0
181,1
198,1
276,0
141,1
305,0
111,1
372,1
206,0
27,1
66,1
308,0
497,1
453,1
480,1
396,1
368,1
24,0
363,1
383,1
189,1
21,0
66,0
285,1
172,0
336,1
332,0
113,0
486,0
19,1
96,1
28,0
280,0
127,1
32,0
388,1
136,1
299,1
381,1
480,0
483,0
467,1
142,0
174,1
375,0
84,0
108,0
91,0
261,0
353,0
285,0
89,1
422,1
65,0
200,0
444,0
242,0
309,1
497,0
152,0
329,0
114,1
151,1
129,1
258,1
278,1
313,1
459,1
399,0
109,1
213,0
255,1
221,0
58,1
216,1
253,1
450,1
77,1
292,0
142,1
189,0
267,0
136,1
44,0
495,0
124,0
161,1
427,0
6,0
381,1
214,0
262,0
272,0
236,0
259,0
173,1
360,0
300,0
104,1
302,1
335,0
341,0
109,0
253,1
129,0
186,1
314,1
367,1
399,0
114,1
31,1
299,1
238,1
430,0
126,0
488,0
82,1
43,1
140,0
82,0
443,0
446,0
199,1
405,1
133,0
259,1
178,1
219,1
45,0
268,1
314,0
181,1
429,1
217,0
96,0
178,1
309,1
233,1
37,1
142,1
41,0
256,0
403,0
410,0
473,1
471,0
195,1
382,1
480,0
247,0
436,1
174,0
3,0
204,0
233,1
314,0
118,0
113,1
424,1
370,0
295,0
146,0
213,1
168,0
267,0
70,0
139,0
294,0
484,0
432,0
177,0
398,0
222,1
218,0
340,0
192,0
388,1
178,0
451,0
344,1
346,0
45,1
433,0
326,0
78,1
374,0
305,0
412,1
4,1
148,0
108,1
473,0
158,1
360,0
152,0
483,0
186,0
12,1
122,1
263,1
259,1
383,0
383,0
159,0
178,0
140,1
447,0
216,0
172,0
174,0
346,1
314,1
260,0
48,0
373,0
445,0
464,0
411,0
493,1
483,1
491,0
121,0
342,1
255,1
253,1
388,1
255,0
483,1
175,1
273,0
334,1
480,0
371,1
4,0
154,0
311,1
194,0
70,1
347,1
20,0
459,1
140,0
448,1
244,0
88,1
89,1
481,0
499,0
491,1
210,1
109,1
50,1
226,0
209,0
458,0
179,0
22,0
257,0
389,0
436,1
436,1
379,0
448,1
467,0
91,0
353,1
464,0
460,1
324,1
239,1
134,1
215,1
388,0
22,0
121,1
371,0
288,0
99,1
350,1
489,0
117,0
275,0
180,1
234,1
474,1
433,1
222,0
114,0
46,0
241,0
5,0
433,1
455,0
365,1
66,0
31,1
493,1
489,0
427,0
28,1
304,1
418,0
17,0
22,1
481,1
304,0
478,1
324,0
347,0
224,1
281,1
427,0
447,0
396,1
15,1
276,1
347,1
43,1
495,1
434,1
272,1
122,0
482,0
134,1
35,1
310,1
112,1
466,0
64,1
252,1
415,0
124,1
370,1
343,0
256,1
234,1
192,1
219,0
439,0
407,1
158,1
269,0
238,0
287,1
408,0
313,1
21,0
72,0
219,0
326,0
89,1
67,0
206,1
23,0
268,0
51,1
79,1
328,0
415,0
117,1
333,0
474,1
239,1
158,0
490,0
323,1
481,0
74,1
467,1
188,0
431,1
408,0
252,1
474,1
442,0
341,1
50,1
147,1
476,1
51,1
446,1
316,0
56,1
486,1
314,0
461,1
461,1
203,1
477,1
110,1
338,1
301,1
197,1
71,0
112,1
106,1
158,0
224,0
74,0
315,0
160,1
115,0
332,1
387,0
354,0
336,0
499,1
171,1
112,1
370,1
124,0
292,0
14,0
217,0
320,0
300,1
18,1
135,1
77,1
330,1
466,0
201,0
45,0
316,1
208,1
495,1
230,1
458,1
104,0
239,0
30,1
457,1
388,0
144,0
436,0
193,0
39,0
373,1
271,1
302,0
283,0
440,1
410,1
132,0
106,0
249,1
71,0
396,0
157,1
487,0
393,0
70,0
455,0
22,1
472,0
80,0
223,1
42,0
157,0
439,1
25,0
146,1
39,0
480,0
296,0
347,0
387,1
199,1
22,0
112,0
481,1
78,0
322,1
426,0
411,1
197,0
168,1
125,0
66,1
470,0
54,0
296,1
326,0
28,0
213,1
465,1
154,1
16,0
45,1
336,1
301,0
293,1
272,0
411,1
369,0
56,1
16,0
482,1
213,0
96,0
487,1
421,1
366,1
390,1
196,0
408,1
251,0
286,1
28,0
215,1
63,0
181,0
441,0
121,0
445,1
495,1
74,0
270,1
422,1
222,1
319,1
195,1
393,0
166,0
53,0
419,1
283,1
499,1
447,0
28,1
493,1
348,0
468,1
339,1
353,0
336,0
69,0
449,1
354,0
60,0
120,1
234,0
92,0
261,0
251,1
26,0
149,1
176,0
90,1
181,1
30,1
154,0
308,1
253,1
320,0
176,0
68,1
433,0
122,0
138,1
298,0
492,0
63,0
91,0
62,0
415,1
25,1
306,1
450,0
469,1
182,0
65,1
476,0
254,0
80,1
159,1
429,1
361,0
412,1
15,0
135,1
127,1
9,0
347,0
136,0
424,0
264,1
291,1
408,0
282,1
454,0
147,1
316,1
387,1
48,0
220,0
156,0
279,1
258,1
438,1
160,0
35,0
263,1
58,1
33,1
223,1
50,1
332,1
372,1
169,0
304,1
235,1
419,1
174,1
347,0
459,0
173,1
390,0
101,0
398,0
388,0
140,0
432,1
355,0
42,1
464,0
255,1
171,1
94,0
329,1
230,1
162,1
269,1
438,0
440,0
438,0
236,0
412,1
475,1
5,0
139,1
431,0
194,0
280,0
389,0
288,0
218,0
472,1
412,1
3,0
433,1
253,1
324,0
187,0
22,1
33,0
119,0
373,0
72,0
254,1
233,0
288,0
99,0
68,0
388,0
191,1
141,1
6,0
451,1
216,1
238,0
340,0
35,0
470,1
180,1
221,0
106,1
228,1
233,0
232,0
300,1
344,1
254,1
343,0
262,0
496,1
23,1
377,0
360,0
495,1
155,1
429,1
12,0
498,0
31,0
133,0
336,1
21,1
424,0
67,0
118,0
375,1
477,1
399,1
445,1
127,0
173,0
477,0
181,1
348,1
263,1
313,0
30,0
379,0
65,0
66,0
229,0
452,0
328,1
202,1
490,1
304,0
449,1
289,1
208,1
114,0
353,1
134,1
38,1
284,0
161,1
221,1
150,1
148,0
74,0
249,1
76,0
216,0
372,1
121,1
234,0
459,0
200,0
369,1
40,1
280,0
354,0
35,0
409,0
451,0
302,1
336,1
96,0
65,0
321,1
211,1
421,0
97,1
27,0
289,0
234,1
235,0
199,0
80,0
186,0
73,0
265,1
486,1
111,0
16,0
53,0
153,1
100,0
392,1
186,1
4,1
326,0
339,1
496,1
13,1
442,0
107,0
286,0
494,1
400,0
474,1
437,1
162,1
15,0
185,1
161,0
365,0
340,1
26,1
89,1
348,0
330,1
493,1
147,0
410,0
425,0
53,1
299,1
52,0
185,0
190,1
383,0
200,0
52,0
139,1
310,1
334,1
329,0
210,0
220,1
341,0
348,1
295,1
74,0
45,0
200,0
387,0
472,1
450,1
254,1
255,1
490,1
31,1
64,0
355,0
408,0
20,0
307,0
105,0
290,0
191,1
38,1
251,0
227,1
224,0
468,0
161,0
274,0
2,0
360,1
171,0
23,0
138,1
462,0
339,0
94,0
136,0
460,1
221,1
432,1
368,0
156,0
246,0
269,1
2,0
428,1
75,0
190,0
61,0
129,1
387,0
401,1
179,0
137,0
374,1
369,1
24,0
253,1
124,0
160,0
366,0
46,1
171,1
117,0
377,0
207,0
124,1
484,0
105,1
470,0
92,1
414,0
198,1
311,0
136,0
274,1
230,1
397,0
393,0
274,1
298,1
339,0
63,1
29,1
127,0
442,1
256,1
145,0
192,1
209,0
5,0
442,0
246,1
336,0
150,1
100,1
465,1
129,0
494,0
277,1
460,1
490,0
319,1
319,1
356,1
254,1
221,1
303,0
294,0
456,0
383,1
45,1
439,1
444,0
449,1
258,0
131,0
226,1
322,0
291,0
52,0
387,1
6,0
405,1
463,0
323,0
117,0
13,0
153,1
451,1
188,1
237,0
374,1
460,0
275,1
468,1
279,0
23,1
482,0
156,0
424,1
335,1
324,0
257,0
319,1
365,0
53,0
484,1
255,1
356,0
226,0
407,0
166,1
17,1
343,1
137,0
211,0
377,0
254,0
385,1
86,1
82,0
241,1
325,0
119,0
185,1
155,1
344,0
266,1
11,1
92,0
478,0
318,1
76,0
151,1
313,0
161,1
264,0
339,1
380,0
45,0
272,1
486,1
42,0
455,0
489,0
359,0
461,1
236,1
85,1
109,1
469,0
337,0
193,1
470,0
449,1
295,1
358,0
320,0
331,0
240,1
64,1
102,1
446,1
40,1
254,0
465,0
483,0
6,1
107,1
68,0
165,0
163,1
233,0
23,0
470,1
3,0
63,0
200,1
309,1
437,0
110,0
294,0
211,0
169,0
322,0
444,0
143,1
31,0
36,1
88,1
167,0
441,1
111,0
371,0
31,0
350,1
115,1
164,1
341,1
219,1
114,1
126,0
253,1
159,1
416,0
39,1
461,1
32,1
410,0
495,0
243,0
67,0
421,0
361,0
139,0
443,1
377,0
192,1
473,1
373,1
17,0
1,1
486,1
145,1
120,0
390,0
386,1
430,0
310,1
72,0
194,1
58,1
20,0
164,0
228,0
3,0
341,1
307,1
226,1
120,1
92,1
212,0
103,1
473,0
287,1
43,0
488,0
6,1
308,0
286,0
458,1
117,0
413,1
286,1
452,1
213,0
367,1
354,0
241,1
161,0
333,1
60,1
433,0
273,1
35,0
436,1
394,0
499,1
65,0
93,0
87,1
263,1
16,0
276,1
476,0
410,1
283,0
261,0
483,1
233,0
341,1
335,0
497,1
205,1
230,1
208,1
390,1
460,1
28,0
340,1
56,0
453,0
499,0
174,0
120,0
225,1
409,1
255,0
162,0
20,0
358,1
169,0
278,1
156,1
202,0
353,0
247,1
407,0
436,1
171,0
391,0
252,0
183,0
99,1
401,1
339,0
87,0
181,0
316,0
233,1
470,0
94,1
98,1
167,1
235,1
291,1
435,1
161,1
412,1
280,0
136,0
447,0
20,0
63,1
331,0
251,1
165,0
184,0
85,1
395,0
1,1
14,1
180,0
43,1
297,1
8,0
493,1
319,0
191,1
0,1
32,0
139,0
424,0
279,1
36,1
24,0
307,0
71,1
496,0
464,0
195,0
438,1
322,1
407,0
436,1
328,0
337,0
236,0
256,1
68,0
185,0
109,0
321,0
150,1
285,0
499,0
284,1
284,0
18,1
30,1
417,0
305,1
112,1
15,1
197,0
10,0
107,0
387,1
334,0
82,0
191,1
436,0
355,0
353,0
257,0
16,1
88,1
131,0
141,0
434,1
9,0
260,0
413,0
89,0
263,1
276,1
206,0
418,0
406,1
161,0
137,0
355,0
439,0
248,1
232,1
131,1
270,0
71,0
372,1
245,0
81,0
442,0
352,0
499,1
70,1
240,1
182,0
459,1
67,1
491,0
442,1
138,0
385,1
156,1
315,1
13,0
233,1
448,1
323,1
495,1
471,0
210,1
113,0
414,0
353,1
437,0
345,0
176,0
282,0
80,1
189,1
169,1
384,0
407,1
272,1
469,0
425,0
0,1
143,1
47,1
9,1
245,1
487,0
290,0
314,1
367,1
339,0
172,1
266,0
305,0
255,1
431,0
27,0
164,0
263,1
89,0
51,1
44,1
384,0
188,0
194,0
274,0
209,0
320,1
408,1
362,1
244,0
74,1
253,1
285,1
244,1
441,1
499,1
396,0
420,1
182,0
493,1
242,1
188,0
184,0
83,0
84,0
240,1
150,1
339,1
63,1
56,0
402,1
258,0
191,0
465,1
143,0
26,1
413,0
24,1
388,1
66,0
281,1
340,1
273,0
29,1
89,1
164,1
229,0
311,0
159,0
321,1
395,0
199,0
104,1
89,0
402,1
217,0
0,1
246,1
257,0
468,0
293,1
251,1
329,1
301,1
334,0
294,0
320,1
5,1
281,0
193,0
104,0
442,1
3,1
422,1
366,1
10,0
191,0
409,1
10,0
133,1
114,1
190,1
471,1
454,1
200,0
322,0
249,1
96,0
1,0
332,0
339,1
11,0
144,0
151,1
165,1
114,1
48,0
279,0
419,1
282,0
430,1
429,1
355,0
278,1
281,0
103,0
126,0
427,0
12,0
73,1
140,1
188,1
86,0
83,0
230,0
220,1
11,1
415,1
112,0
424,1
222,1
240,0
317,0
398,0
27,1
84,1
385,1
455,0
404,1
193,0
447,0
71,0
84,1
314,0
187,1
224,0
195,1
84,0
407,0
453,1
17,0
478,0
372,0
309,1
335,1
101,1
101,0
118,0
186,1
28,1
426,1
94,0
258,1
451,1
125,0
236,0
134,1
82,1
201,0
342,0
118,0
385,0
487,1
93,1
448,1
80,1
209,0
211,1
65,1
335,0
275,1
200,0
22,0
176,0
252,0
411,1
214,1
286,0
486,1
10,0
130,0
206,0
98,0
262,0
439,1
253,1
295,0
164,0
32,1
353,0
267,0
210,1
414,0
18,0
259,1
142,0
448,0
70,0
190,0
442,0
49,1
207,0
315,1
37,0
238,1
400,1
280,0
6,1
202,0
476,1
205,1
164,0
309,0
111,0
119,1
296,0
363,1
305,1
239,0
383,0
20,1
255,1
30,1
137,1
71,0
181,0
190,0
189,0
373,0
301,0
478,0
317,0
375,0
21,1
328,1
466,0
18,1
272,1
374,1
143,0
142,0
95,0
357,1
177,1
80,0
150,1
128,0
344,1
81,1
388,0
183,0
138,1
435,0
422,0
222,1
405,1
54,0
228,0
421,0
199,1
122,0
185,1
477,1
66,0
49,1
495,1
310,0
368,1
89,1
309,1
148,1
299,1
270,1
437,0
234,0
440,1
234,0
47,1
231,0
352,1
184,0
147,1
123,1
169,1
176,0
203,0
184,0
162,0
486,0
376,1
446,0
207,0
321,0
295,0
203,0
392,0
354,1
293,0
369,0
224,1
193,1
464,0
149,1
155,1
317,1
380,1
289,1
330,1
107,0
350,1
453,0
389,0
345,0
104,1
441,1
254,1
256,1
285,0
216,0
167,0
272,0
487,1
131,0
42,1
284,1
61,1
73,1
5,1
54,0
145,1
311,1
5,1
178,1
37,0
358,1
460,1
344,0
381,1
30,0
320,0
265,1
461,0
61,1
407,0
305,0
77,1
129,0
296,1
391,0
118,0
78,0
37,0
182,0
255,1
304,0
256,0
324,0
145,1
326,1
133,1
180,0
121,0
330,1
70,0
161,0
274,1
210,1
121,0
426,0
134,1
141,0
29,1
79,1
153,0
385,0
372,0
271,0
167,0
437,0
301,0
237,0
239,0
439,1
26,1
497,1
315,1
236,1
242,1
131,1
141,0
154,0
185,0
420,1
14,1
451,0
215,1
204,0
102,1
227,0
143,0
300,1
71,1
68,0
65,1
66,1
282,0
19,1
248,0
249,0
465,1
490,0
18,0
71,1
355,0
430,1
380,1
491,0
194,1
277,1
291,1
251,1
252,0
20,0
432,0
272,1
78,1
337,1
73,1
328,0
229,0
51,1
372,1
95,0
210,1
474,0
280,1
204,0
312,1
27,0
0,0
84,0
492,1
345,1
107,1
419,1
417,1
40,0
211,1
356,1
298,0
286,1
495,0
356,0
355,0
334,1
192,1
218,1
343,0
122,1
463,1
471,1
371,0
139,0
78,0
484,1
205,1
453,0
64,0
15,0
276,1
399,1
456,1
454,0
379,1
139,0
281,0
185,1
474,1
425,0
106,1
144,1
437,0
353,1
109,0
119,0
342,1
139,0
14,0
288,1
483,0
177,1
157,0
313,1
333,1
24,1
135,1
212,0
63,1
178,0
72,1
401,1
271,1
289,0
190,0
380,1
87,1
470,0
284,0
432,0
227,1
340,0
220,1
493,1
433,0
381,0
393,0
401,0
420,0
312,0
134,1
459,0
498,0
20,0
260,0
357,1
267,1
231,0
266,0
345,1
55,0
219,1
253,0
1,0
306,1
482,0
432,1
5,1
485,1
488,1
328,1
47,0
422,0
456,0
311,0
8,1
397,1
369,1
229,0
56,1
47,0
434,0
277,0
350,1
284,1
293,0
450,0
287,0
189,0
275,1
175,1
129,0
156,1
433,1
317,0
404,1
401,0
357,0
333,0
196,0
315,1
408,0
334,0
96,0
223,0
12,0
213,0
497,0
80,1
412,1
349,0
498,0
415,0
347,1
438,0
216,0
55,1
468,0
364,1
363,0
440,1
121,0
397,1
242,0
9,0
128,1
435,0
351,0
364,1
72,0
264,0
357,0
324,1
485,0
262,1
24,1
3,1
7,1
374,0
482,0
431,1
339,0
218,1
207,0
407,0
423,0
334,0
477,0
65,1
106,0
169,0
239,1
348,1
496,0
452,1
295,0
132,1
253,0
309,1
138,1
423,1
217,1
283,1
204,1
145,1
443,1
385,1
303,0
283,0
461,1
301,1
83,1
230,0
348,0
324,1
0,0
78,1
42,0
385,1
451,1
224,0
429,1
133,1
20,0
470,1
38,0
436,0
325,1
39,1
440,1
376,0
280,1
337,0
19,1
135,1
370,0
136,1
352,0
141,0
19,0
142,0
200,1
240,1
81,1
126,1
34,0
18,0
195,0
442,0
427,1
436,1
120,1
288,0
68,0
32,1
345,0
396,0
12,1
468,1
103,0
445,0
445,0
435,1
248,0
463,0
126,0
20,1
330,1
387,1
356,1
70,1
458,1
481,1
214,1
176,0
26,0
207,0
231,1
412,1
321,0
90,0
490,1
150,1
425,1
41,1
211,0
199,1
24,0
17,1
196,0
316,0
37,1
57,0
433,1
425,0
471,1
285,0
309,1
495,0
337,0
149,0
95,1
150,1
108,1
459,1
314,1
326,0
52,0
390,1
271,1
34,0
323,0
377,1
467,1
358,1
283,0
47,1
344,1
139,1
390,0
465,1
182,1
162,1
44,0
73,1
282,1
108,1
13,1
413,0
36,0
83,0
344,1
290,0
123,1
464,0
262,0
225,0
229,1
51,0
289,1
413,1
70,0
482,0
360,0
456,0
141,1
493,0
308,1
444,1
114,1
123,1
131,0
296,1
426,0
311,1
3,0
291,1
143,1
299,0
86,1
82,1
153,0
145,0
147,0
211,1
287,1
28,1
50,0
386,0
213,0
271,1
294,0
384,1
357,1
341,0
127,1
343,1
167,1
343,0
443,0
134,0
348,0
231,0
161,0
202,0
363,0
258,0
223,1
329,0
397,1
111,0
40,1
307,1
39,0
321,1
404,0
372,1
389,1
80,1
100,0
149,0
440,1
491,0
245,0
232,1
408,1
434,1
255,0
341,1
146,0
193,1
60,1
259,1
410,0
105,0
235,1
406,0
346,1
50,1
110,1
395,1
249,1
222,1
197,1
169,1
330,1
300,0
304,0
489,0
160,0
459,0
123,1
270,1
378,1
242,0
462,1
406,1
180,0
245,0
369,0
486,0
199,0
161,0
217,1
256,1
290,1
168,0
244,1
110,0
421,1
320,1
130,0
70,0
30,1
480,1
26,0
297,0
434,1
281,1
175,1
57,1
58,0
142,0
428,0
346,1
174,1
399,0
58,0
254,0
23,1
178,1
409,1
478,1
364,0
195,0
152,1
440,1
199,1
349,0
271,1
57,1
353,0
53,0
77,1
309,0
23,0
85,0
470,0
172,0
497,0
53,0
274,1
332,0
118,1
178,1
487,0
312,1
124,1
462,1
492,0
138,1
495,1
314,1
2,0
196,1
33,1
326,1
148,1
465,1
304,1
354,0
188,0
28,0
477,0
457,0
174,0
291,1
441,0
188,0
131,0
387,1
81,0
119,1
249,0
148,0
148,1
368,0
87,0
432,0
172,0
203,1
449,1
467,1
140,1
184,1
118,1
247,1
125,1
469,1
482,0
190,0
64,0
158,0
62,0
63,0
150,0
301,0
171,0
430,1
15,1
135,1
447,0
134,0
15,0
263,1
367,1
339,0
387,1
194,1
161,1
484,0
328,0
464,1
275,0
66,1
260,1
81,0
425,0
56,0
250,1
327,0
328,1
477,0
213,0
308,1
453,0
126,1
128,0
476,1
282,1
173,0
154,1
127,0
365,1
336,1
398,1
339,0
335,0
130,1
128,0
167,1
176,0
60,1
20,0
87,0
57,0
108,0
453,0
351,0
94,1
369,1
312,0
236,1
442,0
496,1
173,0
155,1
361,1
161,1
222,1
198,0
142,0
251,1
37,0
67,0
409,1
102,1
436,0
165,1
299,0
107,0
332,0
217,1
396,1
16,1
163,0
406,1
376,0
464,1
499,1
148,1
298,0
207,1
38,1
97,0
169,1
69,1
111,1
317,0
108,1
94,1
371,1
271,1
187,0
70,0
241,0
131,0
464,1
462,1
460,1
124,0
310,1
310,0
385,0
419,0
416,1
420,1
235,1
292,1
461,0
100,1
218,1
425,1
308,1
363,1
337,1
90,0
482,1
157,0
457,1
21,1
365,1
146,1
254,1
179,1
411,0
460,1
278,0
184,0
250,0
90,0
135,1
369,1
478,0
13,1
483,0
169,0
52,1
345,1
475,0
297,0
28,1
383,0
42,0
57,1
184,1
144,1
334,1
290,0
200,0
297,1
493,1
293,1
472,1
258,1
10,0
429,0
457,0
421,0
333,0
320,1
203,1
181,1
158,1
4,1
392,0
318,0
462,1
337,0
239,1
138,0
310,1
470,1
181,1
246,1
346,1
171,0
235,1
160,0
302,0
316,0
347,0
77,1
456,0
71,0
462,1
374,0
18,1
412,1
204,0
468,1
13,0
43,0
122,0
102,0
303,1
50,1
459,0
311,1
220,0
289,0
259,0
129,1
193,0
475,0
406,0
345,1
304,1
339,0
368,1
179,1
78,1
189,0
106,1
460,1
135,0
410,0
294,0
22,1
337,0
68,0
394,0
256,1
269,0
318,1
121,1
52,0
190,1
144,1
232,0
101,0
436,1
437,0
0,0
441,0
155,0
237,1
362,1
389,1
168,0
401,0
396,0
155,1
293,0
244,1
459,0
435,0
135,1
376,0
188,1
380,0
140,1
440,1
167,1
163,0
323,1
154,0
234,1
310,1
2,0
294,0
125,0
207,0
275,1
157,1
97,1
64,1
339,0
280,1
144,1
257,0
370,1
58,1
179,1
365,1
499,1
482,1
257,0
102,1
255,0
264,0
493,0
414,0
454,0
406,0
402,1
298,1
496,1
270,0
385,0
39,1
309,1
386,0
362,1
168,0
159,0
168,1
466,0
193,0
142,1
421,1
95,1
432,1
477,1
106,1
35,1
79,1
443,0
473,1
333,1
230,1
264,1
481,0
2,1
310,1
19,0
494,0
111,0
30,1
163,1
120,1
301,1
472,0
154,0
16,0
221,1
79,0
318,1
19,0
422,0
216,1
346,1
14,1
375,1
359,1
295,0
198,1
375,0
145,1
170,0
199,0
11,1
299,0
329,0
333,1
364,1
253,1
339,0
468,0
55,0
431,0
277,1
363,0
292,0
265,1
15,1
310,0
437,0
85,0
268,1
404,0
78,0
416,0
193,0
377,0
154,1
131,0
96,0
195,0
239,1
130,1
57,1
498,0
140,1
240,1
45,1
417,0
8,0
75,0
84,0
370,1
272,1
198,0
232,1
69,1
436,1
413,1
415,0
450,0
19,1
258,1
102,0
288,1
104,0
474,1
282,1
172,1
115,1
434,1
56,0
186,1
348,1
327,0
372,1
243,1
224,1
173,0
42,1
131,0
305,0
38,0
100,1
499,1
265,1
221,1
75,0
263,1
434,0
397,0
379,0
103,0
477,1
444,1
2,1
493,1
116,0
344,0
115,0
94,0
414,1
408,1
396,0
56,0
400,0
99,0
278,1
331,1
103,0
411,0
464,0
408,1
123,1
184,0
177,1
144,1
14,1
464,1
197,1
445,0
301,1
430,1
200,1
40,0
242,0
486,0
498,0
263,1
168,1
491,0
437,0
179,0
108,1
432,1
252,1
330,0
423,0
150,1
401,1
293,1
484,1
70,0
15,1
452,1
160,0
100,1
394,1
120,1
171,0
417,1
277,0
333,0
418,0
156,1
296,1
103,1
127,0
137,0
250,1
427,0
238,1
206,1
284,0
218,1
61,0
32,1
498,1
12,1
387,1
298,0
125,1
80,0
130,1
76,1
219,1
206,0
374,1
231,0
408,0
442,1
481,0
441,0
132,0
133,1
216,0
200,0
12,1
51,1
196,1
266,1
138,0
186,0
159,0
430,1
465,0
227,0
459,0
59,0
423,1
157,1
173,1
262,0
178,1
212,0
457,0
356,0
456,0
122,0
300,1
495,1
276,1
210,1
284,1
411,0
479,1
134,1
473,0
441,0
440,0
429,1
83,0
17,0
428,1
266,0
126,1
349,1
439,1
345,0
349,0
393,0
20,1
300,0
247,1
330,1
309,1
352,1
239,1
210,1
31,0
170,1
11,1
296,1
491,1
210,1
371,0
443,0
289,0
368,1
298,1
251,1
221,0
331,1
456,1
275,1
449,0
230,0
87,0
268,0
350,1
280,0
3,0
340,1
230,1
314,1
476,1
480,1
342,0
367,1
344,1
103,0
3,1
389,1
469,0
227,0
464,1
313,1
485,1
177,1
55,0
250,1
189,0
44,1
197,0
213,0
132,1
470,0
430,1
63,0
173,0
498,0
492,0
275,1
93,1
67,0
151,1
150,1
360,1
86,0
336,0
267,1
35,1
86,0
262,1
15,0
344,1
298,0
436,0
348,1
197,0
3,1
57,0
487,0
184,0
182,1
367,1
308,0
68,1
26,1
84,0
15,0
304,1
365,0
416,1
312,0
179,0
481,0
46,1
320,0
128,0
474,0
220,0
176,0
370,0
194,0
61,0
389,1
402,0
478,0
88,1
472,1
440,1
318,0
246,1
116,1
400,1
360,1
274,0
373,0
323,1
237,0
422,0
137,0
381,1
421,0
300,0
240,1
220,1
327,0
307,0
227,1
385,0
479,0
221,1
490,1
379,0
356,0
127,0
102,0
189,1
314,1
230,0
111,1
458,1
247,1
112,0
105,0
121,1
388,1
7,1
427,0
450,0
435,0
11,1
260,1
190,1
247,0
112,0
163,0
105,1
306,1
327,1
341,0
263,0
384,1
470,0
421,0
117,1
154,0
88,1
294,0
407,1
480,0
360,1
413,1
157,1
429,1
370,0
54,1
119,1
395,0
360,1
94,1
222,1
99,0
418,1
121,0
421,0
362,1
392,1
364,1
204,1
92,1
0,1
173,0
40,1
101,0
297,0
109,1
38,0
36,1
32,1
141,1
77,0
188,1
410,1
437,1
377,1
198,1
194,1
19,1
331,1
262,1
126,0
474,0
449,1
92,1
27,0
72,1
424,1
204,1
344,1
306,1
412,0
124,0
96,0
355,1
310,0
257,0
259,1
365,0
439,0
70,1
470,0
275,0
48,0
104,0
16,1
354,1
349,0
354,1
1,0
313,0
358,1
155,0
121,1
23,0
265,1
260,0
251,1
403,1
96,1
366,0
129,1
18,1
442,0
132,0
221,0
39,1
335,1
103,0
319,0
120,0
318,1
48,1
32,1
186,1
8,0
214,1
389,1
418,0
283,1
215,0
95,1
64,1
67,0
209,0
219,0
492,0
267,1
198,0
19,1
237,0
104,0
412,0
378,1
108,1
66,0
366,1
281,0
82,1
258,0
405,1
367,1
174,0
3,1
197,0
393,0
179,0
423,0
72,0
53,0
173,1
140,1
336,0
85,0
41,0
137,0
117,1
317,0
73,0
185,1
459,0
358,0
113,1
162,1
486,1
415,1
490,1
437,1
336,1
259,1
238,0
256,0
486,1
74,0
306,0
37,0
222,0
9,1
266,0
103,0
83,1
175,0
130,0
360,1
319,0
256,1
338,1
220,1
308,1
474,0
435,1
345,0
405,0
494,0
46,1
280,0
185,1
114,0
221,1
229,0
188,1
29,0
245,1
277,0
92,1
376,1
343,1
421,1
411,1
302,1
440,1
201,1
40,1
3,0
379,0
304,1
92,1
178,1
452,1
488,0
165,0
328,0
432,0
236,1
213,1
204,1
484,1
322,0
341,0
398,0
468,1
141,1
475,1
64,1
332,0
497,1
382,1
210,1
131,1
131,1
463,0
468,0
121,1
499,0
496,0
104,1
112,0
178,0
231,0
23,1
343,1
69,1
383,0
187,1
495,1
266,1
441,1
192,0
433,1
358,1
377,0
50,0
102,1
420,1
187,1
153,1
129,1
403,1
74,1
358,0
291,0
69,0
432,1
445,1
110,0
40,0
356,1
43,1
273,1
491,0
453,0
240,0
12,0
437,1
214,1
405,0
205,1
480,0
315,1
289,0
348,1
20,0
413,1
216,0
48,0
178,1
457,1
218,0
333,1
325,1
264,0
354,1
40,1
297,0
267,1
319,0
385,0
295,1
462,1
391,1
84,0
247,1
211,1
479,0
29,0
178,1
363,0
395,0
242,1
260,1
135,0
48,1
468,1
173,1
96,0
249,1
331,0
154,0
397,1
382,0
110,1
319,1
249,0
219,1
366,0
437,0
455,0
385,0
108,0
189,1
71,1
93,1
485,1
382,1
392,0
18,0
112,1
1,1
460,1
169,1
167,1
267,0
296,0
169,1
390,0
1,1
391,1
495,1
30,0
381,0
383,1
345,0
253,0
228,1
179,1
483,0
360,0
477,1
434,0
434,1
402,1
428,1
89,1
476,0
419,0
383,1
199,1
415,1
405,1
274,0
2,1
48,1
403,1
133,0
22,0
303,1
143,1
202,1
493,0
231,1
216,0
428,1
28,1
213,0
213,1
429,1
255,1
181,1
139,0
248,1
279,0
431,1
258,1
278,1
142,0
382,0
242,1
214,0
292,0
90,0
237,1
106,1
457,1
246,1
367,0
462,1
48,0
342,0
225,0
424,1
22,0
27,1
330,0
497,1
364,1
233,1
346,1
150,0
192,1
489,0
234,1
158,1
289,1
177,0
231,0
188,0
274,1
486,1
214,0
370,0
484,1
67,0
488,1
391,1
150,0
303,0
258,1
254,0
6,0
454,1
311,0
48,0
102,0
189,0
241,1
312,1
361,0
160,1
270,0
21,0
296,1
181,0
158,1
105,1
325,0
158,1
429,0
101,0
31,0
215,0
470,0
462,0
121,1
481,0
42,0
48,1
448,1
75,0
469,0
101,1
51,1
195,0
92,0
52,1
331,0
26,1
358,1
222,1
58,1
216,1
160,0
436,1
79,0
497,0
301,1
468,0
447,1
18,0
448,0
460,1
275,1
343,0
162,1
493,0
29,1
349,1
391,0
309,0
477,0
160,1
221,1
340,0
262,1
160,1
199,0
193,0
112,0
169,1
167,1
296,0
140,1
227,1
305,0
238,1
335,1
167,1
403,1
496,1
193,0
376,0
29,0
83,1
387,1
454,1
255,0
298,1
284,1
43,1
48,1
236,1
104,0
334,1
203,0
473,0
474,1
399,0
318,1
129,0
308,0
294,1
88,0
173,1
216,0
96,0
227,0
223,1
492,0
451,0
23,0
257,1
250,1
284,1
382,1
205,1
83,0
499,1
345,1
289,0
168,1
406,0
121,0
87,0
434,1
416,0
406,0
354,0
379,1
40,0
384,0
337,1
140,1
235,0
199,0
96,0
52,0
3,1
221,1
269,0
232,0
114,0
293,1
73,1
281,0
469,1
369,1
471,0
191,1
367,1
14,1
25,1
448,1
411,1
445,1
410,0
495,1
481,0
349,1
162,1
189,0
236,0
66,1
32,1
106,1
434,0
25,1
423,1
131,1
192,1
331,0
309,0
222,0
35,1
253,1
420,1
52,1
386,1
343,1
182,1
300,1
13,0
339,1
339,0
59,1
350,0
349,0
365,1
385,1
455,1
235,0
496,1
302,0
48,1
192,1
3,0
334,0
15,0
130,0
181,0
151,0
317,1
466,0
179,1
359,1
179,1
483,1
108,0
159,1
228,0
407,0
466,0
327,1
137,0
106,1
425,0
320,0
435,0
239,1
261,1
65,0
78,0
381,1
132,0
214,1
444,0
398,1
65,0
209,0
9,1
403,1
1,1
264,1
314,1
314,1
295,1
396,0
150,1
472,1
365,1
169,0
75,1
113,0
391,0
237,1
264,1
25,0
413,0
208,0
470,1
253,0
445,0
1,0
3,1
391,0
26,0
304,1
307,1
92,0
287,0
215,1
449,0
352,1
286,0
300,0
58,0
394,1
206,1
62,1
118,1
408,0
81,0
160,1
489,1
84,0
238,1
401,1
336,0
249,1
438,0
239,0
16,0
276,1
440,0
136,1
145,0
86,0
122,1
282,1
166,1
233,1
13,0
353,0
453,0
71,0
19,1
286,0
265,1
29,1
76,1
310,1
222,0
241,1
293,1
308,0
460,1
366,1
176,1
417,1
25,0
497,0
379,0
413,0
287,1
188,0
194,1
241,1
342,1
428,0
70,1
423,0
257,1
19,1
464,0
88,0
389,0
108,0
408,1
257,1
332,0
378,0
24,1
327,0
38,1
59,0
440,1
287,1
80,0
253,1
332,0
249,0
18,1
83,1
410,0
449,0
102,1
71,1
143,1
358,0
90,0
218,0
241,1
414,0
13,1
337,1
176,0
371,0
285,1
319,1
77,1
476,0
11,0
271,0
335,0
442,0
409,1
189,0
498,0
77,1
57,1
473,1
294,1
393,1
460,1
307,1
490,0
197,0
182,1
470,1
193,1
489,1
353,1
277,1
349,0
359,1
476,1
139,0
319,1
48,1
335,0
200,1
170,0
359,1
139,1
204,0
62,0
24,1
27,0
255,0
204,0
200,1
391,1
122,0
77,0
349,1
6,0
302,1
330,1
220,0
390,0
438,1
343,0
179,1
495,0
172,0
13,0
431,1
376,0
315,1
412,1
328,0
46,0
6,1
93,1
79,0
36,0
380,0
300,1
160,0
223,0
133,1
52,1
227,0
485,1
407,0
369,1
453,1
112,1
203,1
324,1
38,1
489,1
117,0
374,1
245,0
425,1
43,0
306,0
171,1
155,0
322,1
276,1
202,0
467,0
294,1
471,1
144,1
268,0
219,1
69,0
9,0
359,0
299,1
325,1
150,1
17,1
195,1
10,0
72,1
109,1
187,1
259,1
468,1
17,0
291,0
436,1
415,1
75,1
379,0
445,0
340,0
117,1
100,0
320,1
463,0
109,1
218,0
380,1
60,1
493,1
448,1
112,1
176,0
89,1
480,0
289,1
458,1
146,1
452,0
70,1
201,0
12,1
130,0
24,1
117,1
417,1
112,1
115,1
372,1
363,0
24,0
416,0
151,0
408,1
89,0
307,0
387,0
36,1
264,0
356,0
167,0
245,0
78,0
104,1
175,1
297,0
364,0
362,1
323,1
281,0
69,1
129,1
359,0
162,1
16,1
7,0
180,0
223,1
274,0
205,1
426,1
227,0
260,1
103,1
49,0
454,0
246,0
493,0
364,1
173,1
443,0
245,1
266,1
288,1
365,1
395,0
424,1
371,0
140,0
307,1
165,1
179,0
333,1
7,1
30,1
155,1
305,0
315,0
469,1
314,0
317,1
383,1
272,0
28,0
2,0
305,1
341,1
13,0
134,1
21,1
41,0
443,1
387,1
102,1
490,1
85,1
207,1
429,0
95,0
137,0
9,1
364,0
451,1
353,1
200,0
96,0
130,0
407,1
131,1
424,1
234,1
373,0
243,0
418,1
423,0
206,0
462,0
431,1
109,1
332,1
255,0
74,1
227,1
260,1
2,0
279,1
312,0
298,0
264,0
95,0
140,1
306,1
127,1
458,0
380,0
197,1
180,0
422,1
426,1
356,0
394,1
231,1
95,1
279,0
363,1
452,0
196,0
50,1
146,0
54,0
307,1
179,0
422,1
356,0
249,1
340,1
48,0
142,0
335,1
224,1
104,0
24,1
156,0
162,0
254,0
121,1
327,1
289,0
322,1
169,1
354,1
312,1
365,1
390,0
237,1
483,0
305,1
465,0
50,0
284,0
297,1
190,0
298,0
156,1
464,0
451,1
337,1
358,0
361,0
394,1
59,1
30,1
394,0
121,1
181,1
373,0
104,1
206,0
214,0
404,1
235,0
226,1
215,0
359,0
92,1
253,0
380,1
139,1
285,1
296,0
170,1
311,1
26,1
292,0
318,1
140,1
384,0
451,1
298,1
471,0
151,0
40,0
250,1
459,0
136,1
189,1
29,0
169,0
45,0
177,0
128,0
398,1
240,0
335,0
167,1
190,0
472,1
186,1
382,0
88,1
165,0
94,1
25,0
368,0
69,1
299,1
98,0
379,0
426,0
46,0
458,1
227,1
179,1
260,1
372,0
493,1
421,1
2,1
309,0
7,1
24,1
56,0
401,0
241,0
305,1
19,1
142,1
43,0
142,1
248,1
46,0
12,0
336,1
169,1
87,1
469,1
413,1
452,1
266,0
131,1
369,0
181,0
265,1
334,1
235,1
461,1
164,1
310,0
267,0
99,1
442,0
109,0
222,0
152,1
454,1
86,0
229,1
260,1
402,1
134,1
370,0
36,1
410,0
194,1
488,0
3,1
374,1
75,1
155,0
37,0
292,1
490,1
26,1
403,1
338,0
169,1
67,1
46,0
167,1
288,0
466,0
373,1
217,0
203,1
82,0
373,0
426,1
322,0
207,1
371,0
133,0
456,1
238,0
234,0
343,0
420,1
110,1
463,1
468,0
362,1
431,0
259,1
310,0
147,1
471,1
252,1
415,0
273,0
252,0
217,1
85,1
467,1
434,1
144,1
261,1
228,0
62,1
14,1
110,0
380,1
403,0
482,0
320,0
229,1
205,0
448,1
274,1
306,0
75,1
315,1
84,0
452,0
403,0
497,0
430,0
427,0
45,0
314,1
392,0
22,0
341,0
445,0
303,1
239,0
120,0
239,0
235,0
8,1
273,0
81,0
386,0
321,0
285,0
308,0
211,1
92,1
173,0
303,0
195,0
283,1
325,1
107,1
220,0
307,1
490,0
484,0
372,0
45,1
357,0
415,0
151,1
152,0
63,0
107,1
107,1
486,1
432,0
280,0
191,0
234,1
234,0
440,1
248,0
264,0
118,0
443,1
452,1
107,1
41,1
233,1
421,1
467,1
408,1
302,0
487,0
55,1
266,1
474,0
40,1
307,0
303,0
317,1
202,1
255,0
234,1
201,1
219,1
289,1
131,0
344,1
299,0
157,1
55,1
486,0
22,0
77,0
50,0
177,0
17,1
60,0
401,1
339,0
208,0
38,1
170,0
499,1
268,1
411,1
478,0
162,0
436,0
323,1
472,1
313,1
207,1
120,0
24,1
147,1
187,0
87,0
397,1
47,1
271,0
142,0
486,0
208,1
301,1
309,0
59,1
471,1
340,0
304,1
242,1
59,1
235,0
165,1
265,1
208,0
36,1
65,0
133,0
426,0
203,1
92,0
415,0
44,0
190,0
30,0
58,0
237,0
311,1
72,0
69,1
367,1
181,0
360,0
310,1
144,1
399,1
19,1
436,0
138,1
356,1
30,0
50,0
334,0
173,0
61,1
252,1
32,1
132,1
464,1
122,1
372,0
199,1
25,0
490,0
412,1
44,1
58,1
171,0
156,0
458,1
238,0
425,1
463,1
240,0
111,0
241,0
332,1
457,0
83,1
491,0
392,1
157,0
281,1
170,1
110,0
226,1
348,1
99,1
435,0
144,0
195,0
40,0
183,0
274,0
411,1
425,1
387,0
33,1
90,0
287,0
5,0
341,0
157,0
399,0
382,1
174,0
434,1
341,0
403,0
57,0
400,1
318,0
243,1
260,1
166,1
422,1
192,1
419,1
380,0
143,0
349,1
199,0
263,0
399,0
252,1
264,1
69,1
482,1
162,0
489,1
426,0
35,1
14,0
121,1
24,1
379,1
203,1
322,0
382,0
355,0
73,0
50,0
346,1
392,0
485,1
420,0
261,1
290,1
63,0
238,0
156,1
9,0
424,0
351,0
467,1
22,1
42,1
409,1
469,0
165,0
429,1
264,1
91,0
250,0
489,1
170,1
102,0
243,1
350,0
82,0
77,1
115,0
430,0
208,0
493,0
315,1
72,0
475,1
178,1
278,0
68,1
225,1
207,1
359,0
214,1
198,1
285,1
34,1
90,1
347,0
68,0
395,0
467,1
372,1
225,1
129,0
177,1
318,0
436,1
284,0
334,0
186,1
31,1
372,1
378,1
347,1
196,1
132,1
301,0
145,0
387,0
410,1
146,1
206,0
57,0
43,0
453,0
441,0
64,0
375,0
448,0
109,0
50,1
406,0
300,1
168,1
72,1
215,0
350,0
466,1
495,0
72,1
377,0
269,1
188,1
377,0
279,1
103,1
352,1
112,0
102,1
91,1
319,0
439,1
255,0
239,0
401,0
96,1
465,0
62,1
276,0
172,0
269,1
150,0
434,0
58,0
132,1
109,0
434,1
225,0
26,1
185,1
483,0
192,0
450,1
382,1
201,0
384,0
220,1
348,0
77,0
3,1
178,1
364,1
134,0
245,1
482,1
425,1
35,1
418,1
493,0
374,0
314,0
24,1
326,0
367,1
474,0
281,1
84,1
231,1
77,0
151,0
218,1
14,1
10,0
1,0
288,1
71,0
203,0
479,0
358,0
16,0
289,1
190,0
276,1
333,1
194,1
100,0
364,1
442,1
110,1
411,0
457,1
55,1
100,0
53,1
354,1
255,0
279,0
162,0
205,1
180,1
197,1
60,0
20,1
394,1
210,1
231,1
458,0
303,1
140,1
74,0
55,1
230,1
439,0
282,0
165,0
431,0
66,1
202,1
364,1
476,0
317,0
346,0
471,1
95,1
109,1
237,1
462,1
182,1
193,0
256,1
281,1
364,1
205,1
381,0
107,1
344,0
12,1
96,1
41,0
174,0
468,0
401,1
272,1
90,0
306,1
97,1
99,1
211,1
493,1
332,0
336,0
315,0
310,0
169,1
329,1
273,1
98,1
58,0
167,0
298,1
166,1
201,1
35,0
322,1
69,1
342,1
123,1
426,1
470,0
146,0
295,1
138,0
401,0
85,1
77,1
107,0
308,1
256,0
166,0
492,0
305,0
303,0
158,0
378,1
325,1
127,1
363,1
448,1
366,0
143,1
61,1
143,0
145,0
413,1
289,1
228,1
446,0
432,1
55,1
177,0
260,0
167,0
0,1
208,0
498,1
492,0
393,0
22,0
69,0
350,0
253,0
261,0
222,0
39,0
201,0
217,0
309,1
266,0
99,0
290,1
363,1
306,1
296,1
358,1
151,1
432,1
100,1
328,0
260,0
362,1
462,0
166,1
362,0
465,1
112,1
42,0
292,1
202,0
404,1
111,0
419,0
27,0
420,1
58,0
266,1
264,1
479,0
21,1
414,0
318,1
2,1
478,0
444,1
164,0
24,1
396,0
330,1
209,0
483,1
283,0
375,0
161,1
326,0
297,1
396,0
36,1
435,1
297,1
446,1
350,0
48,0
166,0
16,1
479,1
304,0
105,0
141,0
430,0
293,0
34,1
104,1
167,0
354,0
328,0
167,1
182,0
132,0
401,0
422,1
121,1
27,1
183,0
11,1
328,0
237,0
157,1
283,1
225,0
159,0
174,1
255,0
283,1
406,1
46,0
436,0
473,0
7,0
103,0
389,0
56,0
328,0
97,0
303,0
392,0
298,0
466,1
369,1
490,0
464,0
11,1
248,1
478,0
336,0
106,1
474,1
327,0
339,1
103,1
397,0
215,1
206,1
155,0
319,0
309,1
95,0
98,0
321,0
317,1
348,1
26,1
94,1
463,0
93,1
302,1
261,1
99,1
34,0
55,1
110,1
73,1
424,0
96,0
16,1
448,0
180,0
171,0
304,1
0,1
43,1
334,1
433,0
213,1
368,1
83,1
312,0
481,0
375,0
397,0
149,0
172,0
111,0
264,1
381,1
290,0
298,1
424,1
422,0
477,1
387,1
152,1
482,1
350,0
256,0
79,0
390,1
189,0
245,0
168,0
214,1
238,1
324,1
454,0
310,0
490,1
141,0
426,1
276,1
387,0
177,0
442,1
220,1
58,1
5,0
346,1
72,1
404,1
0,0
67,0
276,1
460,1
465,0
86,1
310,1
94,1
99,1
419,1
146,0
15,0
318,1
230,1
204,1
233,1
422,1
159,0
366,1
208,0
310,0
396,1
424,1
200,0
405,0
410,1
211,1
15,0
495,0
46,0
315,0
433,1
238,0
109,1
270,1
245,0
135,0
49,1
361,1
396,0
320,1
159,1
433,1
9,0
146,1
50,1
261,0
389,0
161,1
112,0
264,1
430,0
301,0
371,0
4,0
79,0
454,0
256,1
210,1
15,1
48,0
419,1
77,0
133,1
77,1
328,1
75,0
69,0
282,0
353,1
457,1
407,0
165,1
475,0
373,1
91,1
228,0
201,0
108,0
11,1
204,1
448,1
498,1
21,1
327,1
183,1
149,1
228,1
181,0
145,1
488,1
266,1
247,0
425,1
12,1
95,1
301,1
88,1
213,1
461,1
34,1
95,1
187,0
290,1
479,1
320,0
146,1
178,0
282,0
409,0
417,0
41,0
302,1
371,1
146,0
187,0
215,0
371,1
295,0
402,1
259,1
3,1
150,1
84,0
344,1
304,1
31,0
466,1
342,0
155,0
96,0
138,0
458,0
9,1
29,1
270,0
390,0
136,1
161,1
272,1
63,0
110,1
54,0
71,0
201,1
34,1
98,1
69,1
445,1
388,1
241,0
40,1
246,1
304,1
252,0
471,0
48,0
311,0
64,1
192,1
282,0
131,0
290,1
379,0
466,1
435,1
431,0
308,0
222,1
46,0
104,1
165,0
351,0
295,1
421,1
235,1
184,0
307,1
347,0
274,1
268,0
180,1
169,0
110,1
122,1
362,0
175,0
427,0
102,1
75,0
279,1
341,0
263,1
24,0
58,0
407,1
156,0
377,1
376,0
363,0
228,1
373,0
2,0
145,0
406,1
10,0
105,1
219,0
387,1
21,1
395,0
453,1
329,1
406,1
194,1
260,1
334,0
353,1
252,1
219,1
409,0
287,0
294,0
65,0
333,1
286,1
421,0
150,0
33,1
435,1
141,0
64,0
68,1
234,1
65,0
52,0
239,1
40,1
267,1
165,1
37,1
410,0
218,0
18,0
276,0
66,1
132,0
147,1
453,1
452,1
92,1
491,0
199,0
422,1
338,0
411,1
45,1
430,0
441,0
479,1
424,0
370,0
476,1
273,1
360,1
476,1
341,0
5,0
113,0
72,1
359,0
188,0
245,1
417,1
217,1
460,0
404,1
92,0
248,0
367,0
330,0
212,1
409,0
481,0
9,0
95,0
211,0
476,0
455,0
65,0
273,1
228,0
449,1
289,1
94,0
4,0
49,0
353,0
317,1
416,1
348,1
175,1
379,0
473,1
71,1
111,0
453,1
203,1
272,1
280,0
90,1
64,0
154,1
364,0
254,0
238,0
466,1
75,1
227,0
484,0
132,1
120,0
260,0
482,0
385,0
358,0
10,0
30,1
398,0
200,1
454,0
326,1
31,0
301,1
371,0
137,1
205,0
371,1
426,1
187,1
58,0
166,0
105,1
227,0
82,0
93,1
65,0
442,1
57,1
55,1
298,1
186,1
271,1
496,1
389,1
173,0
324,0
391,0
55,1
496,0
445,1
204,1
88,1
490,0
363,0
16,0
211,0
293,1
251,1
153,1
181,1
258,1
142,0
312,0
453,0
119,0
174,1
371,0
186,0
64,1
153,0
427,1
103,0
181,1
180,1
107,0
343,0
284,0
363,1
237,0
161,0
116,1
69,0
234,1
271,1
292,0
387,1
357,0
185,0
82,0
6,1
316,0
13,1
350,1
302,0
390,0
212,0
206,0
159,0
195,1
13,1
324,0
23,0
422,0
455,0
106,1
20,0
45,0
322,1
187,0
81,1
422,0
368,1
175,1
279,0
301,0
306,0
457,0
475,0
40,0
176,0
7,1
496,0
196,0
301,0
353,0
288,1
425,1
442,1
334,0
242,1
342,1
425,0
168,1
74,0
425,0
162,1
447,1
402,1
149,1
393,0
89,0
332,1
461,0
313,1
245,0
247,1
430,1
350,0
350,1
247,0
345,0
398,0
78,0
376,1
351,1
412,0
93,0
381,1
294,0
38,1
270,0
222,1
404,0
118,1
389,0
320,0
443,1
258,0
263,1
479,0
123,0
38,1
410,1
453,1
434,1
91,0
53,1
370,0
392,1
207,0
60,1
298,0
50,0
160,0
475,1
418,0
218,0
440,1
389,1
145,0
163,1
247,1
212,0
292,1
0,0
3,0
315,1
256,1
303,0
87,1
77,0
332,0
53,0
198,1
180,1
112,1
239,0
131,0
193,0
207,1
464,1
0,1
461,0
25,0
88,0
435,1
69,0
466,1
307,0
47,1
130,0
284,0
59,0
30,1
100,1
355,1
388,1
206,0
224,1
247,1
427,1
118,0
484,1
244,1
312,0
365,1
147,1
54,1
227,0
356,1
432,1
190,0
347,1
17,0
312,1
397,0
15,1
444,0
261,0
399,0
453,1
497,0
114,1
420,1
290,1
345,1
102,1
80,1
256,1
114,0
475,1
197,0
51,0
58,0
418,1
445,1
145,1
90,0
6,1
99,0
249,1
366,0
56,0
480,0
143,1
402,1
216,0
243,0
40,1
219,0
146,1
232,1
121,1
130,1
344,1
12,0
466,1
492,1
383,1
30,0
147,1
152,1
343,0
320,1
494,0
484,1
449,0
227,1
364,0
54,0
97,1
117,0
155,1
474,1
51,1
241,1
415,1
459,1
344,0
72,0
412,0
394,0
96,1
18,1
19,1
162,0
452,0
379,0
483,0
11,1
0,0
121,1
123,0
247,0
331,0
170,0
133,0
206,1
228,1
286,1
456,0
21,1
197,0
422,0
87,0
373,0
433,0
49,1
472,0
228,0
403,1
64,0
319,1
139,1
347,1
235,1
92,0
227,0
376,0
385,0
336,0
274,0
81,1
88,1
354,1
121,1
346,1
399,0
157,0
495,0
200,1
424,0
303,1
359,1
98,0
306,1
442,0
439,1
244,0
331,0
194,0
371,0
423,0
193,0
90,1
447,1
416,1
306,1
441,1
250,0
181,1
384,1
232,0
262,0
213,1
491,0
374,0
297,0
26,0
365,0
293,1
306,1
8,0
46,1
268,0
233,1
314,0
19,0
385,1
266,1
338,1
478,0
146,0
181,1
266,0
157,1
427,1
229,1
63,0
353,0
112,1
204,0
172,1
372,1
109,0
310,1
426,1
48,1
102,1
191,0
34,0
301,1
304,1
437,0
277,0
257,0
342,0
496,1
468,1
105,1
140,0
69,0
292,1
204,1
225,0
486,1
86,0
281,0
498,1
158,1
473,0
99,1
167,1
173,0
98,0
76,0
229,1
310,0
127,0
21,0
442,0
328,0
25,0
299,1
167,0
314,1
286,0
330,1
118,1
35,1
370,0
142,1
241,1
75,0
398,0
44,0
192,1
191,1
315,0
1,1
404,0
350,1
91,1
205,0
203,1
164,1
159,1
242,1
132,1
218,1
248,0
390,1
308,1
192,0
123,1
348,0
423,1
3,1
164,1
53,1
315,1
131,1
390,0
115,1
55,1
423,0
300,0
476,1
277,1
60,0
490,1
89,1
128,1
0,1
138,1
310,0
491,0
496,1
418,1
129,1
204,0
365,0
457,0
453,1
268,0
291,1
162,0
417,0
165,0
343,1
46,0
213,0
323,1
442,0
149,0
241,0
412,0
384,0
24,1
109,0
125,1
170,1
167,1
195,0
59,1
367,0
394,1
344,1
266,1
230,1
446,0
25,0
27,1
378,1
441,0
326,0
395,1
111,1
422,0
317,0
287,0
294,1
352,0
115,1
257,0
106,1
8,0
115,1
353,1
1,1
166,1
152,0
382,1
351,0
372,1
117,1
116,0
413,1
41,0
296,0
377,0
347,1
73,0
18,0
393,0
120,0
306,0
235,1
454,1
392,1
238,1
417,1
263,0
372,0
243,0
288,1
105,0
368,0
61,1
30,0
355,1
345,0
260,1
277,0
430,0
218,0
172,1
283,0
19,1
313,1
431,0
307,0
484,1
178,0
422,1
372,1
354,1
463,0
17,0
175,1
278,1
376,0
421,1
495,0
14,0
69,1
28,0
330,1
61,0
165,1
382,1
317,0
374,1
172,1
400,0
182,0
35,0
52,1
339,1
312,0
227,0
259,1
144,1
453,1
29,1
411,0
486,0
461,1
120,0
471,1
95,1
289,1
483,1
76,1
67,0
392,0
179,0
223,1
194,1
362,1
269,0
243,0
13,1
419,1
259,1
448,1
65,1
283,1
368,1
176,0
376,0
81,1
205,0
486,1
398,0
425,0
395,0
445,1
114,1
456,1
235,1
74,0
336,1
196,0
360,1
357,0
450,1
278,1
394,1
206,0
30,0
428,0
338,0
182,0
290,1
39,0
81,0
196,0
309,0
373,0
56,1
278,0
86,1
66,0
255,0
131,1
63,0
75,1
87,0
449,1
260,0
91,0
365,0
377,0
430,1
391,0
114,1
290,0
442,0
330,0
122,1
116,0
194,0
149,1
461,0
341,1
181,1
70,0
259,1
350,0
131,1
178,0
399,0
32,0
111,1
117,1
39,0
370,0
22,1
176,1
471,1
342,0
368,0
158,0
66,1
341,0
222,0
245,1
225,0
398,0
300,1
460,0
39,1
237,1
118,0
202,0
107,0
65,1
459,1
39,0
240,1
107,0
19,1
427,0
106,0
384,1
277,1
101,1
483,1
97,1
401,1
459,1
220,1
176,1
321,0
334,1
457,1
158,1
374,0
347,1
169,1
76,0
394,0
415,0
376,0
183,1
323,1
496,0
101,0
313,1
203,1
271,1
242,0
377,0
281,1
5,0
381,1
8,0
394,0
494,0
153,0
64,1
5,1
262,0
413,0
87,0
173,1
267,1
471,1
284,1
23,1
234,1
465,0
465,0
163,1
181,1
197,1
60,1
404,0
499,0
47,0
70,1
64,0
428,1
107,1
101,1
105,1
169,1
300,0
170,1
408,0
465,1
451,1
402,0
489,1
293,1
106,0
361,1
69,0
396,0
381,0
453,0
71,1
197,1
59,0
209,0
378,1
421,0
402,1
280,1
137,0
218,0
9,1
31,0
482,0
57,0
54,1
328,1
479,0
467,0
118,1
174,1
274,0
398,0
13,0
371,0
324,1
181,0
321,1
237,0
392,1
21,0
175,0
311,1
184,0
100,0
322,0
499,0
314,1
166,0
190,0
101,1
432,1
3,1
49,0
44,0
227,0
358,0
135,0
194,1
434,0
306,1
118,0
453,1
490,0
480,1
458,0
141,0
140,0
24,0
93,1
402,0
342,0
418,1
382,1
322,1
394,0
481,0
404,1
215,1
275,1
2,1
98,0
160,1
22,1
63,0
154,1
302,1
382,0
237,1
0,0
429,1
382,1
337,0
471,0
266,1
435,1
281,0
11,0
371,1
282,0
421,0
264,1
299,1
111,1
100,0
259,1
20,0
358,0
458,1
21,0
3,0
379,1
355,1
278,0
272,0
350,0
471,1
392,1
290,1
67,1
60,1
394,0
471,0
418,1
404,1
1,1
482,0
246,1
477,1
440,0
315,1
67,1
81,1
318,0
482,1
449,0
121,0
125,0
379,0
475,1
352,1
4,0
37,0
43,1
293,0
423,0
404,0
15,1
289,0
317,1
115,0
148,1
368,0
204,1
155,0
319,1
40,1
61,1
210,1
291,1
275,1
245,1
158,0
298,1
487,0
485,1
389,1
450,1
77,0
3,0
239,1
167,0
361,0
310,0
450,0
308,0
86,0
198,1
178,0
199,0
437,0
280,0
238,0
287,1
19,0
449,1
28,0
191,1
466,1
312,1
402,0
123,1
98,1
283,0
241,1
41,0
472,0
315,1
448,1
193,1
225,0
88,1
296,0
125,0
383,0
183,0
452,1
155,0
406,0
186,1
196,1
437,0
213,0
473,0
211,1
227,0
204,0
173,0
39,0
179,0
414,0
93,0
45,0
150,0
347,0
82,0
273,1
140,1
459,0
86,0
192,1
375,1
342,1
443,1
270,1
82,0
443,1
480,0
110,1
495,1
162,0
221,1
236,0
474,0
278,0
374,0
17,1
470,0
455,0
17,1
171,0
71,0
276,0
113,0
206,1
140,1
495,0
77,0
8,1
55,1
427,1
59,0
270,1
199,0
420,1
321,0
477,0
118,1
468,0
60,1
338,0
442,1
439,1
339,1
233,1
339,0
400,0
347,1
133,0
199,0
461,0
414,1
314,0
429,0
480,1
445,0
10,0
181,0
36,0
127,0
384,0
18,0
278,0
309,1
9,1
76,0
430,1
403,1
40,0
5,1
211,0
172,0
392,0
481,1
286,1
255,1
80,1
369,1
459,0
27,1
234,1
469,1
299,1
401,1
6,0
64,0
436,0
51,1
286,1
218,0
168,1
176,0
325,0
409,0
1,1
200,0
470,1
414,0
247,0
72,0
115,0
438,1
375,1
330,1
40,0
27,0
87,0
89,1
469,0
155,1
12,0
130,1
499,0
297,1
483,1
61,0
358,1
459,0
488,1
323,0
462,1
459,0
400,1
320,0
237,0
456,0
493,0
290,0
202,0
178,0
210,1
16,1
430,1
343,0
166,0
429,0
398,1
218,1
297,0
34,1
413,0
100,1
475,1
42,0
49,1
157,0
104,1
258,1
252,1
266,1
73,0
420,0
281,0
487,1
324,1
405,1
34,1
400,1
56,1
146,1
125,0
223,1
50,0
172,0
286,1
416,0
364,1
251,1
166,1
61,1
102,0
18,1
474,1
88,1
57,0
307,0
77,1
184,0
152,1
112,1
293,0
344,1
31,1
410,0
26,0
148,0
365,1
140,0
49,0
48,1
18,0
436,1
146,0
410,1
436,0
326,0
492,1
318,0
273,0
477,1
375,1
61,1
81,0
51,0
22,1
382,1
41,0
52,1
469,0
434,0
396,1
238,0
232,1
419,0
220,0
75,0
482,0
195,0
300,0
60,0
230,1
249,0
312,1
479,1
222,0
372,1
461,0
429,1
448,1
339,1
232,1
86,1
438,0
51,0
264,0
285,0
239,1
262,0
92,1
12,1
373,1
213,1
234,1
213,0
311,0
91,0
333,0
442,0
219,0
353,1
422,1
72,0
213,1
308,0
250,0
365,1
88,1
489,0
316,0
244,0
266,0
85,1
452,1
181,0
463,1
472,0
250,1
78,0
298,0
432,1
177,1
348,0
379,0
112,1
478,0
274,1
442,0
469,0
51,1
341,0
274,0
118,1
194,1
429,1
470,1
336,1
111,0
293,0
416,1
254,0
210,1
137,0
482,0
444,0
38,0
340,1
75,1
435,1
499,0
372,0
162,0
187,0
257,0
105,1
385,1
43,0
75,0
450,0
454,1
191,1
259,0
84,0
52,0
157,0
174,1
68,0
398,1
57,0
395,0
230,1
223,0
170,1
459,0
173,0
28,0
114,1
471,0
189,0
245,0
178,0
354,0
285,1
464,0
227,1
119,1
107,0
59,1
459,0
443,0
348,0
128,0
472,0
478,0
346,1
64,1
0,0
126,1
46,1
365,1
409,0
359,0
284,0
285,1
65,1
487,0
483,0
366,0
19,1
407,1
176,1
400,1
361,0
411,1
435,0
369,0
362,0
206,0
281,1
495,1
388,0
161,1
496,0
498,1
260,1
355,0
421,0
95,0
480,0
109,1
105,1
474,0
195,1
295,0
178,1
480,1
42,1
461,1
148,1
57,0
318,0
285,0
448,1
418,1
253,1
197,1
346,0
372,1
193,1
268,1
170,0
199,1
196,0
462,1
273,1
21,1
200,1
325,1
258,1
75,1
243,0
476,1
249,1
247,1
322,1
384,1
207,1
435,0
357,1
417,0
9,0
72,0
125,1
35,1
273,1
194,1
125,0
191,1
371,0
370,1
56,1
27,1
104,0
234,1
408,1
244,0
368,0
459,0
101,0
376,0
22,1
337,0
188,1
289,1
7,0
118,0
52,1
343,0
163,0
163,1
189,1
72,1
27,0
136,1
448,0
76,1
113,0
418,1
357,1
295,0
456,1
310,0
234,0
249,0
136,0
12,0
473,0
44,0
267,1
457,0
174,0
453,0
17,0
152,0
477,0
340,1
99,0
330,0
122,0
281,0
347,0
341,1
294,1
156,0
286,0
284,1
137,1
403,0
464,0
249,0
139,1
304,0
81,0
244,1
162,1
466,0
170,1
458,1
214,1
42,1
266,0
126,0
292,0
85,0
86,1
90,1
143,0
228,1
339,0
104,0
14,0
231,1
217,0
425,1
4,1
396,0
274,1
493,0
164,1
287,1
8,1
496,0
121,0
406,0
2,1
454,1
290,0
341,1
384,1
15,1
192,0
148,0
353,1
434,1
395,0
115,1
330,1
427,0
415,1
473,1
242,1
459,1
20,0
201,1
60,0
289,1
99,0
472,1
485,0
443,1
406,0
339,0
270,1
36,0
331,1
150,1
59,0
436,0
201,0
140,0
66,0
1,0
219,1
47,1
418,0
490,1
372,1
205,0
453,0
28,1
402,1
384,1
247,0
440,0
75,0
35,1
499,0
192,1
445,0
399,1
136,0
27,0
46,0
367,0
404,1
97,0
435,0
433,1
237,1
268,0
367,1
204,0
59,0
217,0
42,1
15,0
362,0
368,1
315,0
204,1
302,1
441,0
345,1
145,1
394,1
486,1
31,1
31,1
143,0
442,1
118,0
173,0
120,0
360,0
202,0
418,1
140,0
15,0
162,1
297,0
439,1
368,0
219,1
193,0
376,0
474,1
173,0
144,1
288,1
480,1
106,1
300,1
444,0
370,0
153,0
270,0
143,0
227,1
103,0
379,1
204,0
48,0
181,0
380,0
455,1
193,0
495,1
325,1
264,1
93,1
431,1
50,1
96,0
311,0
165,1
490,1
30,1
228,1
293,0
470,1
244,0
488,0
369,1
81,1
141,0
59,0
375,0
307,1
246,0
349,1
119,1
81,0
47,1
141,1
106,1
225,0
86,1
498,0
186,0
136,1
450,1
450,0
99,1
107,1
447,0
291,0
82,0
70,1
343,1
326,1
9,1
51,0
396,0
391,1
319,1
36,1
177,1
459,0
311,1
306,0
62,1
398,1
250,1
31,0
343,1
77,1
122,0
92,1
376,0
97,0
344,0
133,0
102,1
494,1
481,1
395,1
333,1
50,1
127,0
174,1
265,0
166,0
171,1
235,1
212,0
446,0
118,0
216,1
283,1
352,0
191,1
211,0
388,0
99,0
265,1
49,1
97,0
71,1
362,0
3,0
282,0
376,0
314,0
68,0
289,0
109,0
256,1
13,1
167,1
310,1
461,0
144,1
193,1
330,0
303,0
118,0
18,1
221,0
288,1
150,1
373,0
346,1
152,0
17,0
51,1
327,0
209,0
61,1
22,1
30,0
412,0
496,1
134,0
274,1
58,1
103,1
338,1
119,0
259,1
479,0
46,1
195,1
85,1
337,1
323,0
33,1
371,0
115,1
110,1
247,1
367,1
210,0
434,1
17,0
425,1
89,1
76,1
187,1
384,1
483,1
84,1
185,1
106,1
375,1
216,1
36,1
264,0
398,0
151,1
4,1
150,1
278,0
134,0
121,0
224,0
404,1
440,0
226,1
251,0
380,1
220,1
136,1
230,1
286,1
436,1
233,0
331,0
351,1
348,0
434,0
323,1
121,1
435,0
212,1
203,1
343,1
415,0
337,0
145,0
286,0
123,0
291,0
153,1
253,0
271,0
229,0
477,1
344,0
456,1
24,0
174,1
321,1
362,0
18,1
448,1
482,0
183,0
210,0
52,1
361,1
377,0
463,0
334,1
417,1
408,1
146,1
365,1
160,1
131,0
260,1
429,0
278,1
394,1
463,0
114,1
110,1
292,0
404,0
271,1
226,1
303,0
9,1
164,0
388,0
264,1
169,1
289,1
89,1
305,0
330,1
57,0
354,0
466,0
211,1
398,0
27,0
47,0
231,1
143,0
61,1
73,0
123,1
349,0
60,0
28,0
254,0
85,1
226,1
394,1
200,1
159,0
119,0
419,1
207,0
175,1
66,1
377,1
447,0
137,0
250,1
311,0
422,1
437,1
66,0
390,1
114,0
355,0
180,0
468,0
150,0
410,0
358,1
217,0
344,1
203,0
33,0
117,0
480,1
230,0
426,0
205,0
41,1
50,1
88,1
147,0
55,1
367,0
281,0
4,0
64,0
451,1
290,0
178,1
323,0
136,0
32,0
220,0
499,0
410,0
113,1
498,0
28,0
12,0
315,0
59,0
238,0
498,1
395,0
236,1
130,0
339,0
191,0
117,1
328,0
316,0
40,1
241,1
191,1
295,1
124,0
380,0
368,0
231,1
392,0
380,0
352,0
307,1
407,0
64,1
261,0
183,0
424,0
281,1
248,1
392,1
275,1
182,0
208,1
127,0
185,0
473,1
291,1
97,1
34,1
202,0
345,0
110,1
120,0
193,1
108,0
274,0
419,0
14,0
466,0
29,0
108,1
151,1
168,0
379,1
42,0
360,1
322,0
379,1
496,0
398,0
180,1
350,1
180,1
408,1
424,1
106,0
122,0
487,1
157,1
223,0
219,1
457,1
459,1
477,0
50,0
489,0
445,1
158,1
358,1
72,1
361,1
262,1
203,0
454,0
98,1
290,0
388,1
226,1
291,0
233,1
320,0
342,1
435,0
151,1
209,1
294,0
164,1
258,1
112,1
472,0
163,1
76,0
134,1
316,0
382,1
422,1
295,1
395,0
132,0
439,1
45,0
45,0
282,1
236,0
21,1
267,1
357,1
467,0
340,0
148,0
242,1
485,1
87,1
155,0
336,1
381,1
289,0
277,0
24,0
202,0
426,0
7,0
69,1
288,1
409,1
219,0
321,0
227,0
139,0
433,0
183,1
412,0
477,1
272,0
292,0
80,0
429,0
230,1
62,0
105,0
60,0
394,0
239,1
136,0
357,0
304,1
214,0
312,0
188,0
354,0
436,1
486,0
97,0
399,0
59,0
78,1
323,0
339,1
264,0
411,0
471,1
195,1
491,1
489,1
427,0
211,1
93,0
50,0
91,1
211,1
237,0
193,1
495,0
191,0
478,1
465,1
37,1
76,1
71,1
151,1
458,0
344,1
415,0
488,1
121,1
247,0
225,0
453,0
217,1
339,0
479,1
1,1
40,1
71,1
462,0
351,0
147,0
230,0
360,1
181,0
213,0
68,1
83,1
134,0
399,0
36,1
195,0
434,0
248,1
170,0
463,1
195,1
12,0
196,0
203,1
322,1
294,1
139,1
8,0
210,0
274,1
41,0
354,0
94,1
362,1
340,1
183,0
340,0
400,0
375,0
152,0
468,1
235,0
76,1
118,0
228,0
397,1
26,0
165,1
276,0
276,0
331,0
145,1
416,1
419,0
234,1
343,1
437,1
77,0
283,0
426,0
195,0
184,1
275,0
414,1
347,0
395,0
35,0
98,1
262,0
321,1
181,0
341,1
174,1
79,0
199,1
47,0
170,0
155,1
1,1
6,0
91,1
325,0
292,1
62,1
479,0
168,0
42,0
117,0
435,0
377,1
466,0
144,1
480,0
41,0
33,0
498,1
215,1
264,0
490,1
204,0
162,1
296,0
268,1
417,1
295,0
125,1
173,1
104,0
440,1
448,0
101,0
19,1
46,1
88,0
153,0
112,1
306,1
45,1
404,1
314,0
181,0
499,1
143,1
120,1
155,0
452,0
268,0
483,0
21,1
52,1
147,1
107,0
118,0
386,1
493,0
317,0
226,0
338,0
380,1
304,0
251,1
219,1
1,1
335,1
470,1
374,1
165,0
305,0
75,0
428,0
69,1
266,1
241,0
446,0
278,1
85,1
39,0
422,0
288,1
416,0
183,0
234,0
115,1
253,1
386,1
147,1
112,0
380,0
40,1
215,1
366,0
218,0
262,0
386,0
218,0
59,1
249,1
24,1
64,1
6,1
246,0
472,0
404,1
326,1
271,0
495,1
390,1
51,0
232,1
280,0
329,0
280,0
466,0
178,0
192,0
337,0
309,1
333,0
387,0
368,0
191,1
399,1
289,1
246,1
292,1
58,0
202,0
417,0
134,0
29,1
248,0
337,1
406,0
178,1
397,1
407,1
383,1
237,0
299,1
327,0
61,1
389,0
172,1
199,0
59,0
399,1
314,1
440,0
338,0
166,1
251,1
284,1
218,0
414,1
165,0
211,1
105,0
259,0
271,1
319,1
243,1
403,0
146,1
276,1
219,1
88,1
225,1
350,1
36,1
67,1
287,1
246,0
325,0
470,0
234,1
10,1
405,1
179,0
107,1
334,1
364,1
43,1
498,1
454,1
20,1
146,1
213,0
175,0
67,0
232,1
478,1
352,0
54,0
64,0
324,1
203,1
36,1
485,0
421,1
146,1
313,0
150,0
211,1
454,0
153,1
128,1
47,1
76,1
458,1
125,0
372,1
334,0
62,0
74,1
35,1
353,0
448,1
425,1
356,1
136,0
144,0
109,1
409,0
180,0
374,1
16,0
226,1
198,0
379,1
253,1
24,1
263,1
469,0
412,0
100,1
391,0
321,1
326,0
38,0
431,1
157,1
87,0
31,1
80,0
442,1
7,1
127,0
429,0
389,0
360,1
9,0
15,1
423,0
370,1
478,0
385,1
19,0
316,1
133,0
188,1
373,1
89,0
142,0
156,0
413,0
30,0
466,0
488,1
495,1
248,1
467,1
291,0
94,0
465,0
60,0
422,1
353,1
399,1
172,0
306,1
367,0
17,0
95,1
99,1
320,0
371,0
441,1
242,1
114,0
3,0
29,1
101,0
114,0
368,0
129,1
71,1
209,0
326,1
484,0
346,1
318,1
198,1
88,1
246,1
315,0
34,1
214,0
303,1
121,0
368,1
22,1
119,0
336,1
300,1
354,0
205,1
424,1
172,0
157,0
56,0
99,0
416,1
410,1
263,0
498,1
362,0
235,0
368,0
363,1
414,0
392,0
68,0
188,0
277,1
127,0
15,0
172,1
109,0
318,0
15,0
208,1
417,1
26,1
204,1
369,0
290,0
48,0
271,1
97,1
393,0
90,1
285,1
342,1
357,1
104,0
439,1
488,0
80,0
476,1
375,1
418,0
182,1
243,1
217,1
237,1
448,1
351,1
20,0
450,0
407,0
129,1
142,1
71,1
11,1
291,0
251,0
388,1
110,0
128,0
325,0
456,1
298,1
60,1
109,0
162,0
472,1
458,1
179,0
8,1
317,1
491,1
107,0
487,0
133,1
214,1
39,0
218,0
166,1
398,1
279,0
345,1
156,0
12,1
137,0
76,0
459,0
29,1
380,1
219,0
479,1
45,0
43,0
445,1
485,1
22,0
10,1
152,0
54,0
310,1
377,1
486,1
210,1
282,1
463,0
423,0
460,1
278,1
458,0
4,1
259,0
200,0
473,1
72,0
116,0
242,0
92,0
446,0
488,0
37,1
316,0
202,0
424,1
337,0
165,1
50,1
16,1
314,1
413,1
99,0
387,1
160,0
397,0
11,1
239,1
191,0
178,1
363,0
280,0
359,1
343,0
437,1
167,0
327,0
146,1
285,1
181,0
370,0
331,0
229,0
228,0
478,1
27,0
38,0
483,1
160,0
233,0
435,1
455,1
198,1
11,1
105,0
32,0
162,0
150,1
318,1
443,0
301,0
212,0
346,0
217,0
463,0
433,0
301,1
323,0
19,0
270,0
216,0
24,1
407,0
313,0
318,0
92,1
484,0
171,0
329,1
307,0
329,0
16,1
138,0
178,0
417,1
163,1
221,0
496,1
140,1
120,1
41,1
317,1
252,0
385,1
17,1
175,1
366,1
34,0
202,1
371,1
485,0
174,0
298,1
6,0
8,0
382,1
324,0
270,0
413,1
307,0
350,1
191,1
474,1
63,0
288,0
385,0
415,0
401,1
402,0
311,1
157,0
240,1
78,1
22,0
410,0
428,0
493,0
488,0
396,0
396,1
32,0
313,0
72,1
472,0
289,0
20,1
323,1
483,0
70,1
153,0
90,0
6,0
162,0
153,0
249,1
335,1
71,1
193,0
379,0
28,0
138,0
165,1
126,0
303,0
220,1
68,1
55,0
426,0
272,0
160,1
430,0
68,1
197,1
466,0
140,0
296,1
416,0
95,0
81,0
471,1
238,0
343,1
111,1
452,1
475,1
492,1
231,0
164,1
268,0
144,1
29,1
252,1
241,0
455,1
24,0
26,0
445,1
220,0
353,0
93,0
228,0
119,0
108,0
120,1
269,1
309,1
363,0
425,1
490,0
212,0
336,1
332,1
334,1
122,1
395,0
199,0
431,0
144,1
393,1
420,1
324,0
395,0
18,1
295,0
395,1
268,0
276,1
99,0
411,1
230,1
460,1
131,0
100,0
289,1
282,1
10,0
488,1
28,1
111,1
317,1
267,0
424,1
43,1
458,1
154,1
307,0
481,1
479,0
397,1
330,0
123,0
58,1
136,0
413,0
9,1
403,0
144,1
431,1
343,0
96,1
130,0
26,1
5,1
495,0
307,1
278,0
131,1
367,0
21,1
215,0
305,1
258,1
274,0
202,0
64,1
288,1
236,1
474,0
196,1
67,1
423,1
19,0
63,0
465,1
339,0
166,1
216,0
168,1
122,0
56,0
491,1
359,0
182,1
457,0
180,0
395,0
420,1
187,1
191,1
168,0
432,1
163,0
471,1
449,0
66,0
350,1
147,1
337,0
273,0
237,1
95,0
67,1
359,0
284,1
412,0
95,0
68,0
270,0
69,1
470,0
71,0
478,0
468,0
269,1
478,1
90,1
19,1
453,0
473,0
354,0
269,1
56,0
447,0
179,0
163,0
483,1
349,1
330,0
348,1
422,0
473,1
365,0
102,0
226,1
430,0
27,0
449,1
481,1
216,0
459,1
47,1
466,1
411,0
216,0
363,1
232,0
355,0
495,1
62,1
223,0
412,1
182,0
462,0
304,0
323,1
44,1
300,1
227,0
452,0
101,1
268,0
57,0
72,1
321,1
181,0
210,1
3,0
211,0
108,0
217,1
334,0
405,1
470,1
377,1
22,0
20,0
433,1
34,0
122,0
265,0
365,1
96,1
234,0
145,1
454,0
416,1
400,1
435,1
340,1
367,0
359,1
488,0
83,1
337,0
398,0
269,0
328,1
125,0
145,1
243,0
157,0
356,0
1,0
470,1
494,1
423,0
132,0
6,0
21,0
264,0
265,0
91,1
61,0
493,1
74,0
376,0
161,1
211,0
438,1
473,1
314,0
427,1
470,1
396,1
316,1
301,0
18,0
444,0
498,1
285,0
40,0
421,1
130,1
420,0
166,0
249,0
4,1
231,1
57,1
419,0
140,0
170,0
306,0
302,1
195,1
302,1
205,1
230,0
487,1
326,1
347,1
469,1
200,0
279,0
472,0
194,0
12,0
445,0
467,0
432,1
220,0
459,1
94,0
252,1
48,0
144,1
167,0
59,0
139,1
116,0
242,1
310,1
383,1
40,1
343,1
447,0
236,1
404,0
311,0
37,1
408,0
417,1
35,1
141,0
398,0
267,1
480,1
287,1
300,0
34,0
467,1
307,1
255,1
109,1
26,0
79,0
369,0
445,0
34,0
225,1
303,0
395,0
93,0
394,1
431,1
13,0
263,1
453,1
345,0
123,1
406,1
120,1
346,1
311,1
278,0
449,1
206,0
232,1
350,0
29,0
156,0
357,1
196,1
377,0
173,0
131,1
13,0
391,0
365,0
328,1
378,1
408,0
310,0
468,0
237,0
335,0
285,0
451,0
352,0
220,1
356,1
65,1
357,1
53,1
164,0
389,1
166,0
445,0
288,0
10,0
475,1
409,1
484,0
206,0
204,0
130,0
460,0
296,1
68,1
304,0
257,0
312,1
397,0
13,0
471,0
14,0
84,1
470,1
450,1
493,1
228,1
58,0
464,0
280,1
204,1
429,0
137,1
264,1
239,0
217,0
407,0
474,0
146,0
233,0
204,1
321,0
290,0
288,0
179,0
32,0
472,0
478,1
55,1
333,1
479,0
333,0
155,0
451,1
130,1
124,1
317,1
50,0
56,1
105,0
67,1
5,0
275,1
290,1
37,1
451,1
85,1
350,1
170,0
469,0
167,1
105,0
174,1
131,0
466,1
272,0
390,1
336,1
48,0
480,1
36,0
296,1
484,1
443,0
310,1
281,1
67,1
328,0
363,1
176,0
398,1
436,1
248,1
303,0
460,0
34,1
191,1
286,1
369,1
451,1
332,1
102,1
261,0
209,1
342,0
159,1
213,0
425,1
232,0
193,0
112,1
374,1
318,1
86,0
470,0
479,1
314,0
243,1
428,1
84,0
191,1
445,1
405,1
409,1
115,1
80,1
383,1
16,0
115,1
407,0
29,0
250,0
145,1
88,1
246,0
173,1
111,0
136,1
144,0
200,0
342,0
78,1
123,1
112,0
209,0
145,1
38,1
15,0
173,0
194,0
200,0
480,0
14,0
148,0
72,1
15,0
222,0
467,1
490,1
289,1
136,0
148,0
169,0
373,1
394,1
311,0
124,0
35,0
361,1
335,0
460,0
126,0
126,0
98,1
200,0
433,1
178,0
34,1
115,1
80,0
399,1
440,1
358,1
37,1
146,1
494,0
139,0
489,0
226,1
421,0
483,0
275,0
209,0
312,1
259,1
18,1
180,0
376,1
340,1
359,1
197,1
204,1
453,0
363,1
47,1
122,1
136,1
289,0
116,1
323,1
193,0
171,1
104,1
351,1
458,0
454,0
126,0
499,1
487,1
30,1
252,1
4,1
10,1
453,1
475,0
248,1
273,0
350,0
270,1
429,1
410,0
385,0
200,1
454,1
297,1
23,1
90,1
406,1
126,0
367,1
31,0
1,0
211,0
489,1
432,1
438,1
305,1
466,1
354,0
289,1
252,1
101,1
143,1
24,1
449,0
408,1
493,0
287,0
404,0
277,1
399,1
265,1
265,0
357,0
330,0
273,1
118,1
375,1
381,0
143,0
234,0
174,0
226,1
392,0
387,1
461,0
232,1
39,0
182,1
367,0
139,1
51,1
352,0
162,1
283,0
220,1
55,1
218,1
453,0
7,0
127,1
91,1
62,0
283,0
70,0
359,0
318,1
309,1
206,1
263,0
209,0
384,0
339,1
148,0
55,0
454,1
492,1
426,1
371,1
139,0
478,1
203,0
311,0
22,1
318,0
96,0
190,1
312,0
54,0
211,0
370,0
382,1
460,0
451,1
243,1
23,0
278,1
64,0
24,0
23,1
115,0
469,1
125,1
271,1
284,0
63,1
137,1
400,1
333,1
109,0
176,1
164,1
10,1
412,1
119,0
426,0
176,0
474,1
344,0
24,0
367,1
433,0
65,1
62,1
400,0
205,1
424,1
359,1
425,1
29,1
133,0
240,0
254,1
141,1
3,1
23,0
358,0
134,0
245,1
245,1
437,0
432,1
14,1
308,0
340,0
233,1
232,0
227,1
402,0
323,1
490,0
244,1
424,1
294,1
315,0
107,1
334,0
469,1
78,0
302,0
452,1
88,1
366,1
306,0
372,0
281,1
244,0
326,1
155,1
481,1
100,1
43,1
161,1
181,0
82,1
168,1
377,0
149,0
258,1
152,0
20,1
434,0
375,0
402,0
352,1
345,1
293,0
488,0
479,0
84,1
34,0
281,1
201,0
364,1
202,1
108,0
80,1
25,0
112,1
318,1
129,0
230,1
387,1
329,1
118,1
471,0
75,1
96,0
422,0
307,0
322,0
495,0
224,0
128,0
95,1
405,1
103,1
77,1
461,1
73,1
76,1
7,0
212,1
141,1
154,1
73,0
395,0
495,1
394,1
16,0
261,0
91,1
277,1
95,0
483,0
491,0
383,1
470,0
430,1
254,0
212,1
241,0
380,0
216,0
439,0
351,1
59,0
191,1
154,1
70,0
8,1
73,1
255,1
140,1
288,1
318,0
439,1
75,1
398,1
284,1
130,0
432,0
386,0
449,0
50,1
370,1
255,0
139,0
445,0
475,0
86,1
196,0
299,1
220,0
407,1
372,0
126,0
391,0
494,0
266,1
31,1
187,0
396,0
5,0
434,1
156,0
45,0
13,1
385,1
426,0
319,0
214,1
125,1
112,0
46,1
69,0
62,1
9,0
461,0
174,0
274,0
209,0
479,0
54,0
104,1
162,0
322,1
154,0
231,0
301,0
444,1
109,1
422,1
106,0
78,0
346,1
227,1
119,1
289,1
183,0
7,0
486,1
440,1
308,0
157,0
382,1
191,1
476,1
259,1
441,0
250,1
382,1
474,1
432,1
425,0
341,0
298,1
344,0
5,0
103,1
165,1
344,0
466,1
10,1
87,0
190,1
195,0
180,1
356,1
406,1
472,1
499,0
460,0
349,1
246,0
188,0
179,1
416,0
278,0
191,1
455,1
214,1
426,1
116,1
96,1
282,1
196,1
283,0
19,1
402,1
366,0
372,1
114,1
119,0
2,0
186,1
375,1
31,1
82,1
291,0
265,1
103,0
39,0
75,1
324,1
321,1
137,0
194,1
405,0
272,1
499,1
171,0
209,0
351,1
491,1
174,0
108,1
111,0
47,1
25,0
154,0
332,1
457,0
325,0
4,1
372,0
150,0
464,0
67,0
423,1
192,1
414,0
73,1
437,0
51,0
288,1
257,1
244,1
21,1
208,0
306,0
436,0
322,1
259,1
92,1
90,0
261,0
490,0
336,0
50,1
146,1
178,0
301,0
388,0
1,0
156,0
211,0
40,0
103,0
327,1
328,0
148,0
468,0
485,0
118,1
227,1
344,0
152,0
175,1
165,0
422,1
127,1
198,0
214,1
107,0
52,1
332,1
186,0
401,0
139,1
272,0
14,0
33,0
88,1
279,0
290,1
464,0
223,0
450,0
498,0
29,0
134,0
304,0
105,0
357,0
486,1
357,1
196,0
462,1
344,1
440,1
405,0
235,1
428,0
494,0
331,1
378,0
76,0
177,0
292,1
482,0
231,0
98,1
34,0
384,0
63,0
425,0
343,0
297,0
434,0
189,0
127,0
179,0
310,1
257,1
430,1
262,0
408,0
212,0
168,0
128,0
22,1
8,0
465,1
4,1
469,1
163,1
315,0
309,0
489,1
116,0
38,0
297,0
424,0
90,0
73,0
248,1
203,1
351,0
388,0
52,0
437,0
284,0
67,1
35,0
293,1
261,0
246,1
217,0
447,0
183,0
425,1
325,0
57,1
54,1
187,0
130,1
387,1
122,0
388,1
429,0
328,0
204,1
351,0
246,1
142,1
200,1
315,1
437,1
453,1
465,1
406,1
225,1
317,0
348,0
161,1
382,1
1,0
411,0
398,1
417,1
301,0
194,1
378,0
498,0
307,0
227,1
359,1
118,0
106,0
190,0
310,0
469,0
92,0
220,1
373,0
345,0
194,0
466,0
399,0
314,0
265,0
229,0
263,1
150,0
382,0
231,1
158,0
319,0
69,0
465,0
292,1
247,0
278,1
267,0
283,0
386,1
428,0
10,0
254,0
101,0
438,1
302,1
348,1
402,1
188,1
284,1
265,0
246,1
182,0
254,0
291,1
82,1
405,0
322,0
287,1
459,1
467,1
124,0
289,1
108,1
497,1
57,0
130,1
436,0
435,0
475,0
447,0
170,0
111,0
424,0
332,1
117,1
88,0
454,0
388,0
451,0
436,1
171,0
54,0
199,1
77,1
106,1
162,1
379,0
32,0
134,1
482,0
255,1
75,0
329,1
37,0
453,1
100,1
248,0
298,1
220,0
248,0
232,0
199,0
462,1
65,1
185,1
446,0
267,0
393,0
63,0
332,0
335,1
83,1
115,1
320,0
169,1
86,1
475,1
296,0
465,0
57,0
368,1
465,0
446,1
466,1
130,1
63,0
138,1
48,0
196,0
405,1
431,0
46,0
430,0
127,0
102,1
432,1
102,1
456,1
278,1
359,0
54,0
418,0
131,0
216,1
297,0
154,0
7,1
116,1
394,1
231,0
40,1
69,1
131,1
70,0
301,1
286,0
355,1
281,0
376,1
192,0
154,1
72,1
195,0
32,0
109,0
289,0
307,0
10,0
74,1
415,1
343,0
123,1
109,0
366,1
237,1
392,0
222,1
83,1
361,0
250,1
14,0
127,1
316,1
208,0
36,0
395,0
110,0
110,0
430,1
429,0
1,1
459,1
253,1
253,1
86,1
364,1
369,1
381,0
6,0
449,0
22,1
250,1
274,1
84,1
232,0
345,0
256,1
29,1
72,1
319,1
116,1
102,1
392,0
356,1
395,1
49,1
191,1
338,1
467,0
255,0
17,1
379,1
12,0
359,0
453,0
351,1
249,0
109,1
251,0
269,1
230,1
176,1
177,0
392,1
157,1
50,1
339,0
144,1
309,0
294,0
487,1
1,1
260,0
220,0
200,0
435,1
486,1
354,0
315,1
144,0
104,0
164,1
24,0
305,0
449,1
435,1
57,0
359,1
444,1
66,1
318,1
342,1
14,1
497,0
309,1
321,0
396,0
323,0
109,1
268,1
304,1
236,0
217,1
416,0
219,0
205,0
159,1
72,0
14,0
71,1
128,0
335,1
472,1
197,0
118,0
35,0
490,0
40,1
427,0
290,1
5,0
483,0
223,1
154,1
458,1
294,0
24,0
15,0
43,0
186,1
138,1
56,0
424,1
114,1
492,1
219,1
412,1
453,0
169,1
413,0
363,0
456,0
286,0
307,0
263,1
10,0
259,1
469,1
174,1
444,0
347,1
236,1
455,1
123,0
60,1
254,1
113,1
268,0
147,1
428,0
224,0
205,1
179,0
468,0
478,0
465,0
418,0
410,1
347,1
378,1
253,0
134,1
443,0
153,1
441,0
22,1
23,0
134,1
420,0
73,1
289,1
175,1
106,1
270,1
189,1
333,1
251,1
388,1
86,1
470,1
263,1
281,0
141,0
284,0
278,1
360,0
9,0
415,1
475,1
94,1
499,1
242,0
305,0
377,1
385,1
410,1
271,1
82,0
296,1
499,1
79,0
87,0
496,1
357,1
266,0
204,1
122,1
225,1
89,1
191,1
489,0
388,1
261,0
439,0
187,0
461,0
476,1
146,0
26,0
305,0
28,1
406,0
499,0
187,0
43,1
221,1
300,1
118,0
403,0
381,1
391,0
420,0
296,0
313,0
146,1
312,0
278,0
67,1
405,1
31,1
343,1
440,1
284,1
489,0
220,1
87,0
11,1
354,0
147,1
243,1
369,1
390,0
415,0
279,0
346,0
78,1
485,0
252,1
149,1
209,0
187,0
454,0
202,0
435,1
48,0
422,0
405,1
100,0
257,0
484,0
327,0
433,1
448,1
346,0
178,0
248,1
168,0
237,1
204,1
161,0
412,0
474,0
449,1
248,1
376,0
382,1
406,1
49,0
137,1
268,0
353,1
225,1
224,1
183,0
247,1
372,0
185,1
268,0
390,1
158,1
69,1
362,0
330,0
31,1
0,0
48,1
128,0
244,0
300,1
483,1
189,0
192,1
462,1
426,1
298,0
150,0
490,1
475,0
71,0
137,0
10,1
368,1
360,0
472,1
62,0
286,0
166,0
189,0
207,0
13,0
247,1
287,1
479,0
237,1
82,0
224,1
321,0
408,1
295,0
231,1
296,0
424,1
414,0
101,0
71,1
311,0
29,0
92,0
402,0
36,1
428,1
353,0
387,0
32,1
38,1
252,1
224,1
282,1
494,0
279,1
62,0
477,0
453,1
453,0
484,1
207,1
72,1
28,0
232,0
2,0
171,1
203,1
272,1
476,1
341,1
57,0
469,0
173,1
13,1
46,1
488,0
106,0
205,0
358,0
91,1
435,1
133,1
228,1
451,1
336,0
352,0
308,0
262,1
101,0
127,0
189,1
325,0
234,1
198,1
456,0
192,0
421,1
193,1
324,1
351,1
43,1
305,0
71,0
316,0
86,1
191,0
348,1
199,0
19,1
282,1
382,1
118,0
257,0
294,0
63,0
417,0
147,0
388,1
463,1
55,0
284,1
3,0
487,1
165,0
388,1
455,0
255,0
302,1
172,1
176,1
284,1
385,1
136,1
290,1
202,1
372,1
24,0
405,1
426,1
318,0
247,1
113,0
182,0
25,0
409,1
181,1
64,1
141,0
244,0
53,0
414,1
385,1
213,0
281,1
281,1
207,1
141,1
35,0
455,0
470,0
431,0
469,0
262,1
297,0
69,1
82,1
421,1
121,0
17,1
451,0
21,0
309,0
278,0
168,0
222,1
54,0
269,0
30,1
190,1
138,1
462,0
116,1
19,0
119,1
79,1
289,0
446,1
30,1
215,0
268,0
245,0
3,0
57,1
183,0
66,0
333,0
134,0
79,1
27,1
451,0
496,0
277,1
5,0
325,1
196,1
277,1
447,0
367,0
138,0
70,0
44,0
57,1
234,0
405,0
443,0
466,0
199,0
492,1
225,1
140,0
75,0
197,1
85,1
134,1
218,1
265,0
51,0
357,0
23,0
80,0
287,0
424,0
466,0
158,1
316,1
394,0
55,1
320,1
434,1
400,0
198,1
287,1
50,1
242,1
152,0
97,1
246,0
43,1
26,1
392,1
196,1
445,1
8,0
171,0
11,0
172,0
52,0
171,0
426,0
482,0
125,0
17,1
448,1
83,1
206,0
342,1
322,0
91,0
88,1
85,0
200,1
22,0
215,1
312,0
3,1
257,1
329,1
187,1
206,1
304,0
36,1
464,0
16,1
353,1
337,1
242,0
250,1
398,0
74,1
25,1
197,0
371,1
113,1
81,0
262,0
322,1
312,0
218,0
302,0
400,1
70,0
417,0
95,0
350,1
40,1
64,1
481,0
23,0
216,1
477,1
33,1
331,1
398,0
400,1
47,1
355,1
407,0
486,1
161,0
5,1
487,0
349,1
295,0
212,1
147,0
475,0
356,0
436,0
230,0
278,1
329,0
489,1
409,1
235,0
472,1
64,0
357,0
84,1
141,1
59,0
7,0
410,1
165,0
14,0
228,1
6,0
226,1
67,0
310,1
371,1
219,1
424,0
142,0
240,1
312,0
416,0
129,0
261,1
22,0
91,1
12,0
393,0
163,0
138,0
244,0
124,0
424,0
315,1
406,0
336,1
449,1
448,0
264,0
318,0
496,0
337,1
44,0
108,1
97,1
270,0
496,1
396,1
270,1
434,0
375,1
337,0
490,1
60,0
18,1
156,1
377,1
41,0
497,0
117,0
443,0
375,1
377,0
131,0
220,0
435,0
400,1
484,1
169,0
468,0
406,0
355,1
45,1
304,0
290,1
242,0
464,1
467,1
413,0
173,0
435,0
446,0
361,0
291,1
392,0
457,1
185,1
357,0
185,1
268,1
419,1
171,1
394,0
363,0
445,1
473,0
178,0
193,0
105,0
348,1
51,0
196,0
44,1
42,0
340,0
498,1
110,0
52,1
275,0
462,1
430,1
56,0
174,0
454,0
158,0
150,1
245,0
159,0
349,1
163,1
262,1
478,0
184,1
417,0
185,1
348,0
322,0
391,0
464,1
446,1
87,0
372,0
55,1
379,0
384,0
485,1
75,0
303,0
74,1
357,1
249,0
401,1
114,1
439,1
241,0
125,1
217,0
356,0
270,1
322,1
325,1
200,0
162,0
24,1
119,0
203,0
110,0
313,1
445,0
479,1
197,1
431,0
178,0
123,1
242,1
256,1
89,0
136,1
232,1
248,0
435,1
152,1
106,0
242,1
348,1
156,1
142,1
362,0
196,0
460,0
228,0
468,0
89,1
108,1
158,1
231,0
215,0
279,0
269,1
369,0
57,1
132,0
240,0
314,1
70,1
492,1
37,0
481,1
317,1
482,1
267,0
328,1
382,1
235,1
319,1
158,1
461,1
296,1
128,0
140,1
287,1
195,0
471,1
437,1
243,0
198,0
267,1
274,0
333,0
161,0
249,1
387,0
202,0
240,0
414,0
318,1
151,1
87,1
153,1
317,1
160,1
12,0
110,1
376,0
127,1
330,0
334,1
436,0
78,0
385,1
381,1
93,1
390,1
212,0
498,1
453,1
5,1
185,1
412,0
178,0
45,0
273,0
366,0
52,0
492,1
128,0
335,1
432,1
478,1
435,0
385,1
160,0
21,1
213,0
210,0
214,0
417,1
423,1
365,0
154,1
153,1
234,0
101,1
285,0
151,1
280,1
420,1
209,1
308,0
304,1
213,0
143,1
187,0
200,1
11,0
417,0
123,1
136,1
290,0
113,1
85,0
333,0
438,1
149,0
231,1
395,0
39,0
456,1
481,0
205,1
46,1
36,0
193,0
107,0
107,0
383,0
415,1
15,1
40,1
495,0
448,0
220,0
244,0
89,1
282,0
411,0
215,0
266,1
493,1
255,0
279,0
304,1
408,0
376,1
423,1
249,0
434,1
313,0
264,1
235,0
434,0
230,0
252,0
179,1
268,1
62,1
250,0
226,0
13,1
147,1
295,1
57,0
168,1
148,1
174,0
212,1
472,0
248,0
282,0
25,0
420,0
23,0
282,1
498,0
387,1
0,0
232,1
470,1
117,0
496,1
478,0
265,1
86,0
233,1
398,0
146,0
371,0
336,1
217,1
470,0
324,1
16,0
464,1
475,0
268,1
11,1
380,0
205,1
27,1
470,0
24,1
154,0
160,1
400,0
445,0
162,0
82,0
458,1
204,0
294,0
369,1
82,1
308,1
317,0
488,1
17,1
5,0
343,1
120,1
410,1
212,0
265,0
41,1
451,1
218,1
16,0
357,1
490,1
395,1
321,0
407,1
240,1
65,0
264,1
43,1
434,1
437,0
64,0
174,0
492,1
124,1
43,1
476,0
217,1
302,0
347,0
414,1
473,1
263,0
0,0
371,1
454,1
437,0
15,0
185,1
233,0
332,1
185,0
370,0
317,1
473,1
416,1
363,0
450,1
96,1
430,0
266,0
105,1
118,0
314,0
441,0
73,1
36,1
306,1
458,0
403,1
30,1
225,0
82,1
142,0
38,0
70,1
212,1
247,0
345,0
270,1
171,0
1,0
418,1
466,1
307,0
146,0
123,1
31,1
496,0
431,1
279,1
92,0
330,1
449,1
353,0
434,1
162,0
376,0
3,1
83,0
280,0
88,0
7,0
120,1
97,1
340,0
300,0
171,1
308,0
218,1
352,0
314,1
72,0
79,0
164,0
97,0
308,0
356,0
192,1
268,0
124,1
194,1
334,1
189,1
266,1
61,0
168,0
194,1
160,0
382,0
272,0
151,0
449,0
359,1
433,0
223,1
295,1
191,1
133,1
449,0
244,0
298,0
123,1
168,0
453,0
369,1
96,0
388,1
221,1
89,0
314,0
260,1
179,0
239,1
123,0
365,1
109,0
284,1
15,1
486,0
179,1
350,1
280,1
189,0
21,1
16,0
33,1
250,1
238,1
278,1
55,1
468,1
125,1
499,0
335,1
394,1
249,0
306,0
22,0
15,1
170,1
271,1
145,0
263,1
184,1
158,1
134,1
280,0
333,0
325,0
113,1
424,0
220,1
174,1
286,1
283,0
148,1
42,1
325,0
78,1
103,1
215,1
15,1
251,1
309,1
113,1
331,0
273,1
78,0
143,1
2,1
88,0
98,0
133,0
146,0
372,0
354,1
174,0
351,0
437,0
208,0
481,0
435,0
364,1
18,0
298,0
467,1
324,0
236,0
249,1
187,0
53,0
456,0
419,0
435,0
440,0
30,0
265,0
307,0
37,1
396,1
326,0
295,1
435,0
207,1
146,1
265,0
84,0
462,1
480,0
480,0
274,0
383,1
172,1
87,0
130,0
301,0
140,1
338,1
484,0
118,0
137,1
58,0
162,1
456,1
490,1
491,0
229,0
214,0
285,1
203,0
493,0
214,1
65,0
421,1
16,0
394,1
36,0
492,0
199,0
257,0
398,0
14,1
271,0
369,0
239,0
147,0
425,1
110,1
239,1
86,1
219,0
34,1
436,1
248,0
345,0
375,0
473,0
61,0
181,1
420,0
455,0
440,1
43,0
22,0
254,0
356,0
462,0
489,0
202,1
109,0
139,0
91,0
82,0
373,0
382,0
476,1
350,1
309,1
111,1
172,0
487,0
406,1
248,0
269,0
376,1
251,1
152,1
235,1
3,1
451,1
65,0
262,0
270,0
78,1
425,1
319,0
131,0
415,1
79,1
10,1
406,1
363,1
48,1
289,0
9,1
101,1
33,1
383,1
122,0
436,0
171,1
12,0
486,1
63,0
55,1
435,0
95,1
199,0
59,1
129,0
453,1
154,1
176,0
471,0
472,1
245,0
251,0
114,1
163,1
438,0
491,0
474,1
484,1
174,0
144,1
198,1
387,1
318,1
102,0
80,0
361,0
493,0
79,1
147,1
485,1
207,1
306,1
484,1
459,1
246,0
152,0
27,0
91,0
130,0
241,0
334,0
266,1
47,0
433,1
249,1
467,1
397,1
12,0
269,1
438,0
303,0
14,1
32,0
14,1
4,1
39,0
142,1
237,0
81,1
345,0
21,0
6,1
108,1
400,0
423,0
319,1
226,0
470,1
128,1
70,0
373,1
9,0
316,1
493,1
458,1
293,1
141,0
182,1
0,1
256,1
66,1
304,0
472,0
208,1
313,1
389,1
267,0
468,0
499,1
283,0
136,0
354,1
231,0
464,1
63,0
1,1
289,0
78,1
363,1
276,1
308,0
144,1
52,1
2,1
239,1
243,0
421,1
301,0
46,0
169,0
91,1
393,1
233,1
238,1
110,1
449,1
120,0
430,1
104,0
70,1
227,0
303,1
134,0
176,0
395,0
266,1
434,0
381,1
37,1
388,1
338,1
104,1
167,0
216,1
262,1
123,0
238,1
248,0
92,1
413,1
132,1
324,1
133,0
395,0
430,1
67,1
220,0
251,1
326,1
373,0
320,0
85,0
44,1
243,1
34,1
251,1
12,1
359,0
171,0
217,0
374,0
275,0
424,0
300,0
416,1
163,0
37,0
198,0
241,0
291,0
48,0
64,1
320,1
196,0
467,0
182,0
57,1
126,0
122,1
178,0
336,1
174,1
298,0
216,1
389,0
380,1
431,1
298,0
197,0
463,0
82,1
0,0
292,0
319,1
394,1
256,1
118,1
6,0
12,1
453,0
154,0
141,0
384,0
259,0
305,1
162,0
89,1
31,1
211,1
10,0
3,0
242,1
371,0
455,0
54,0
434,0
306,1
228,0
175,1
369,0
235,1
444,0
60,0
179,1
326,0
439,0
42,0
166,1
1,1
202,0
410,1
102,0
200,0
214,1
430,0
160,1
463,0
374,1
191,0
217,0
162,0
482,0
244,0
281,0
385,1
23,1
50,0
340,1
293,0
285,1
478,1
3,0
427,1
64,1
47,0
464,0
105,0
111,1
114,0
31,0
387,1
241,1
69,1
465,1
336,1
183,0
341,1
390,1
78,0
427,1
422,0
149,0
200,0
385,1
431,1
367,0
80,0
259,0
305,0
450,0
73,0
362,1
116,1
330,1
469,0
143,0
111,1
124,1
414,0
143,0
28,1
169,0
444,1
162,1
270,0
236,0
349,1
320,1
44,0
458,1
386,0
366,0
268,0
445,0
110,1
363,0
383,1
246,0
486,0
232,1
420,1
116,0
87,0
54,1
278,0
411,0
162,1
422,0
38,0
410,1
247,1
163,1
490,0
455,0
169,1
75,1
150,0
72,0
61,1
290,1
365,0
380,1
141,0
11,0
461,1
275,0
101,0
82,0
97,1
294,1
217,0
496,0
164,1
304,1
109,1
406,0
367,1
372,1
317,0
3,0
330,0
306,1
59,0
424,1
485,1
41,1
284,1
430,0
396,0
376,1
141,0
207,0
199,0
82,0
22,0
452,1
469,1
41,0
162,1
381,1
219,1
58,1
360,1
499,1
35,1
8,1
226,0
24,0
293,0
143,0
274,1
428,1
345,1
43,1
15,0
131,0
392,0
312,1
154,0
277,0
343,0
407,1
252,1
69,0
434,0
24,1
104,1
363,1
395,0
186,0
453,0
190,0
88,1
408,1
297,1
260,0
195,1
81,0
7,0
18,1
176,0
8,1
330,0
341,1
133,0
284,0
61,0
304,0
383,1
251,0
233,0
22,0
417,0
458,1
18,0
42,1
30,1
180,0
423,1
212,0
368,1
253,1
179,0
323,0
444,1
42,0
432,1
460,1
476,0
199,0
168,1
180,0
31,0
396,1
395,0
171,1
9,1
260,1
138,0
152,0
222,1
496,0
433,1
132,0
25,0
479,0
171,0
473,0
438,1
349,0
438,0
246,1
494,1
495,1
330,0
408,0
298,0
164,1
250,0
173,1
169,0
49,0
281,0
429,0
252,1
133,0
184,0
286,0
154,0
121,0
201,0
71,1
129,1
165,0
344,0
50,0
20,0
265,1
291,1
424,0
441,0
254,0
472,1
234,1
227,1
4,0
378,1
386,0
386,1
155,1
373,0
324,0
42,1
495,0
123,1
465,1
384,0
378,0
453,1
179,1
265,0
493,1
140,1
50,1
89,1
336,1
494,0
287,1
98,0
27,0
88,0
220,0
250,0
347,0
368,0
121,1
426,0
219,1
420,1
10,0
17,0
390,1
19,0
258,1
487,0
324,1
103,0
127,0
484,0
463,0
472,0
269,0
288,1
132,1
7,1
332,0
222,1
235,1
134,1
133,1
400,1
443,1
338,1
239,0
5,0
343,0
6,0
487,1
468,1
80,1
99,1
48,0
483,0
231,1
464,1
180,1
59,1
494,1
480,1
461,0
133,1
350,1
158,0
415,1
44,0
67,0
143,0
39,0
339,0
179,0
348,1
137,0
344,0
417,0
448,1
351,0
309,0
37,1
16,0
475,1
190,1
449,1
237,1
104,1
426,1
74,1
73,1
456,0
44,0
457,1
271,1
352,0
144,0
311,1
465,0
478,0
150,1
232,0
102,0
346,0
184,0
459,0
8,1
312,0
95,1
104,0
215,1
260,1
206,0
76,1
72,0
471,0
264,0
439,1
499,0
362,1
386,1
359,0
420,0
243,1
189,0
329,0
23,0
55,0
